model,attack,experiment,_file,label_str,pred_orig,pred_adv,prob_orig,prob_adv,score_shift,abs_score_shift,cos_sim,top10_overlap,attribution_change,afs_stable,quality_score,margin_adv,margin_safety,aasr_strict,aasr_quality,quality_pass,near_boundary_adv_010,pesq,stoi,visqol,peaq,zimtohrli
SPECTR,X-Shift,SPECTR | X-Shift,sample_0001_real_03751.json,real,1,0,0.527831,0.497667,-0.030164000000000024,0.030164000000000024,0.69952,0.363057,0.4687115,0.0,0.7510584452380953,0.002332999999999974,0.004665999999999948,0,0,1,1,3.347655,0.998324,4.624632,-3.071662,4.179083
SPECTR,PGD,SPECTR | PGD,sample_0068_real_19119.json,real,0,1,0.198344,0.512938,0.31459400000000004,0.31459400000000004,0.271618,0.073228,0.827577,0.0,0.5610165154761905,0.012938000000000005,0.02587600000000001,0,0,0,1,3.594519,0.778646,2.966715,-3.697352,2.637516
SPECTR,X-Shift,SPECTR | X-Shift,sample_0011_real_12741.json,real,1,0,0.524701,0.486083,-0.038617999999999986,0.038617999999999986,0.854298,0.564912,0.290395,0.0,0.6635645083333332,0.013917000000000013,0.027834000000000025,0,0,0,1,2.498427,0.999582,4.232248,-3.114539,3.426139
SPECTR,Psychoacoustic,SPECTR | Psychoacoustic,sample_0031_real_19441.json,real,0,0,0.013374,0.485116,0.471742,0.471742,0.650535,0.0,0.6747325,0.010851593598664467,0.5402717185714285,0.014884000000000008,0.029768000000000017,0,0,0,1,2.376043,0.783174,3.592251,-3.14747,3.319171
VGG,X-Shift,VGG | X-Shift,sample_0019_real_06824.json,real,0,1,0.047683,0.516615,0.468932,0.468932,0.001005,0.080791,0.9591019999999999,0.0,0.8253066226190476,0.016615000000000046,0.03323000000000009,0,0,1,1,3.720019,0.996164,4.498413,-1.72538,4.031381
AST,Psychoacoustic,AST | Psychoacoustic,sample_0001_fake_37097_udio_0.json,fake,1,1,0.999842,0.516934,-0.482908,0.482908,0.144103,0.00858,0.9236584999999999,0.014964830284758025,0.47837757571428574,0.016934000000000005,0.03386800000000001,1,0,0,1,2.232978,0.851696,3.275149,-3.987748,3.080311
SPECTR,X-Shift,SPECTR | X-Shift,sample_0003_real_06031.json,real,1,1,0.578386,0.521662,-0.056724,0.056724,0.613969,0.440299,0.472866,0.015182085957076803,0.7410795178571429,0.02166199999999996,0.04332399999999992,0,0,1,1,3.658806,0.905348,3.978005,-2.140464,3.25987
SPECTR,PGD,SPECTR | PGD,sample_0054_real_19597.json,real,0,1,0.483748,0.526295,0.042546999999999946,0.042546999999999946,0.328348,0.054725,0.8084635,0.0,0.5227013392857143,0.026294999999999957,0.052589999999999915,0,0,0,1,3.027831,0.818802,2.938887,-3.994516,3.00925
SPECTR,PGD,SPECTR | PGD,sample_0038_real_13270.json,real,0,0,0.40863,0.466407,0.05777700000000002,0.05777700000000002,0.252218,0.048078,0.849852,0.01998326915251307,0.34998098690476187,0.033592999999999984,0.06718599999999997,1,0,0,1,2.094606,0.50714,1.982736,-2.907645,2.310448
SPECTR,PGD,SPECTR | PGD,sample_0028_real_06031.json,real,1,0,0.578386,0.465914,-0.11247199999999996,0.11247199999999996,0.273576,0.080218,0.8231029999999999,0.0,0.5291564333333333,0.034086000000000005,0.06817200000000001,0,0,0,1,2.322538,0.828543,3.283362,-3.989958,2.879143
VGG,PGD,VGG | PGD,sample_0017_fake_18041_udio_1.json,fake,1,0,0.824563,0.465146,-0.35941700000000004,0.35941700000000004,0.52047,0.09741,0.69106,0.0,0.7065919130952382,0.034853999999999996,0.06970799999999999,0,0,1,1,3.094377,0.93658,4.244822,-2.763401,3.313539
VGG,PGD,VGG | PGD,sample_0006_fake_41087_udio_1.json,fake,1,0,0.816809,0.464144,-0.352665,0.352665,0.468094,0.075646,0.7281299999999999,0.0,0.49151227261904756,0.035856,0.071712,0,0,0,1,1.572209,0.801637,3.325291,-3.522336,2.636808
SPECTR,X-Shift,SPECTR | X-Shift,sample_0007_real_06994.json,real,0,0,0.235216,0.45289,0.217674,0.217674,0.85415,0.47907,0.33339,0.023596440430607532,0.7511917761904762,0.047109999999999985,0.09421999999999997,0,0,1,1,3.180594,0.996563,4.487889,-1.880665,3.304544
SPECTR,PGD,SPECTR | PGD,sample_0026_real_03751.json,real,1,0,0.527831,0.452565,-0.07526600000000006,0.07526600000000006,0.177857,0.07145,0.8753465,0.0,0.6204374928571429,0.047435000000000005,0.09487000000000001,0,0,0,1,2.367495,0.968148,3.950521,-3.580359,3.291068
SPECTR,X-Shift,SPECTR | X-Shift,sample_0024_fake_23504_suno_1.json,fake,0,0,0.386542,0.452249,0.06570700000000002,0.06570700000000002,0.379759,0.215517,0.702362,0.05425119214673359,0.8087900738095238,0.04775099999999999,0.09550199999999998,1,1,1,1,4.091988,0.967893,4.174647,-1.969705,3.644064
SPECTR,PGD,SPECTR | PGD,sample_0086_real_12741.json,real,1,0,0.524701,0.445371,-0.07932999999999996,0.07932999999999996,0.541933,0.100289,0.6788890000000001,0.0,0.527437686904762,0.05462899999999998,0.10925799999999997,0,0,0,1,1.306812,0.994715,3.541463,-3.501584,2.331749
SPECTR,X-Shift,SPECTR | X-Shift,sample_0015_real_12285.json,real,0,0,0.393704,0.437478,0.04377399999999998,0.04377399999999998,0.631573,0.512,0.42821349999999997,0.040845183396987166,0.7628122130952381,0.06252200000000002,0.12504400000000004,0,0,1,1,4.09082,0.999681,4.667369,-3.981896,4.148713
VGG,PGD,VGG | PGD,sample_0006_real_20445.json,real,0,0,0.280358,0.42795,0.147592,0.147592,0.53248,0.077298,0.695111,0.07503612581831001,0.7491214988095237,0.07205,0.1441,0,0,1,1,3.384939,0.920877,4.005518,-2.005129,3.722703
AST,Psychoacoustic,AST | Psychoacoustic,sample_0000_fake_50637_suno_0.json,fake,1,1,0.999949,0.580124,-0.419825,0.419825,0.040938,0.012234,0.973414,0.11695819263831174,0.7497913785714285,0.08012399999999997,0.16024799999999995,1,1,1,1,3.458103,0.939533,4.376525,-2.047854,3.874705
AST,Psychoacoustic,AST | Psychoacoustic,sample_0000_fake_05418_udio_0.json,fake,1,1,0.999277,0.581762,-0.41751499999999997,0.41751499999999997,0.242935,0.051342,0.8528614999999999,0.08730069843950142,0.6259760342857141,0.081762,0.163524,1,1,1,1,3.5838,0.985829,4.06789,-3.831314,2.983393
AST,Psychoacoustic,AST | Psychoacoustic,sample_0000_fake_51789_suno_0.json,fake,1,1,0.999649,0.582082,-0.417567,0.417567,0.103116,0.037001,0.9299415,0.08483203035252126,0.5556819714285715,0.08208199999999999,0.16416399999999998,1,0,0,1,2.063016,0.930834,3.6986,-2.830096,2.883655
AST,PGD,AST | PGD,sample_0000_real_09534.json,real,0,1,0.482508,0.592194,0.109686,0.109686,0.038054,0.178243,0.8918515,0.0,0.7440234299999999,0.092194,0.184388,0,0,0,1,,0.975564,4.399678,-3.013855,3.520252
SPECTR,PGD,SPECTR | PGD,sample_0066_real_06665.json,real,0,0,0.376892,0.406184,0.029291999999999985,0.029291999999999985,0.386905,0.152404,0.7303455,0.08961210026228988,0.6539301940476191,0.09381600000000001,0.18763200000000002,1,0,0,1,2.651145,0.957024,4.009792,-3.384255,3.721676
SPECTR,PGD,SPECTR | PGD,sample_0087_real_03041.json,real,0,1,0.313033,0.609217,0.296184,0.296184,0.285962,0.091998,0.81102,0.0,0.539991330952381,0.10921700000000001,0.21843400000000002,0,0,0,0,1.919255,0.80405,3.233467,-3.125629,3.151631
AST,X-Shift,AST | X-Shift,sample_0010_fake_46798_udio_1.json,fake,1,0,0.998581,0.390215,-0.6083660000000001,0.6083660000000001,0.114364,0.152924,0.8663559999999999,0.0,0.6881563976190477,0.10978500000000002,0.21957000000000004,0,0,1,0,3.126825,0.93017,3.959912,-2.437294,3.260118
SPECTR,X-Shift,SPECTR | X-Shift,sample_0013_real_13270.json,real,0,1,0.40863,0.611827,0.20319700000000002,0.20319700000000002,0.436616,0.27044,0.6464719999999999,0.0,0.5735873226190477,0.11182700000000001,0.22365400000000002,0,0,0,0,3.267091,0.652754,2.440387,-1.54945,2.726547
VGG,Psychoacoustic,VGG | Psychoacoustic,sample_0009_real_10022.json,real,0,0,0.015382,0.383081,0.367699,0.367699,0.115248,0.247457,0.8186475,0.13915095338824637,0.7268991457142857,0.116919,0.233838,1,1,1,0,3.748709,0.975181,4.795583,-3.981189,4.601854
AST,Psychoacoustic,AST | Psychoacoustic,sample_0000_fake_13018_udio_0.json,fake,1,1,0.999857,0.620886,-0.37897099999999995,0.37897099999999995,0.151099,0.053785,0.8975580000000001,0.13738192490699905,0.6330836125,0.12088600000000005,0.2417720000000001,1,0,0,0,,0.984693,4.288379,-3.701082,3.254086
AST,Psychoacoustic,AST | Psychoacoustic,sample_0000_fake_19538_udio_0.json,fake,1,0,0.998059,0.37632,-0.621739,0.621739,0.180089,0.011795,0.904058,0.0,0.4426857857142858,0.12368000000000001,0.24736000000000002,0,0,0,0,1.767478,0.94491,3.064832,-3.994598,2.658405
AST,Psychoacoustic,AST | Psychoacoustic,sample_0000_fake_51339_udio_0.json,fake,1,0,0.998184,0.376209,-0.621975,0.621975,0.208807,0.055186,0.8680035,0.0,0.636026425,0.12379099999999998,0.24758199999999997,0,0,0,0,,0.986256,4.284045,-3.845483,3.491046
SPECTR,PGD,SPECTR | PGD,sample_0045_fake_41199_suno_0.json,fake,1,1,0.684031,0.624786,-0.05924499999999999,0.05924499999999999,0.167244,0.076782,0.8779870000000001,0.15256835717557835,0.6962745559523809,0.12478599999999995,0.2495719999999999,1,1,1,0,3.216761,0.935132,3.932519,-2.590514,2.976914
AST,Psychoacoustic,AST | Psychoacoustic,sample_0001_fake_30470_udio_1.json,fake,1,0,0.999547,0.367927,-0.63162,0.63162,0.19267,0.008259,0.8995355,0.0,0.34032567999999996,0.132073,0.264146,0,0,0,0,1.360668,0.760797,2.329701,-3.995661,2.521367
SPECTR,X-Shift,SPECTR | X-Shift,sample_0024_real_07293.json,real,0,0,0.347454,0.363511,0.016056999999999988,0.016056999999999988,0.769603,0.36803,0.43118349999999994,0.08794027845321847,0.7471332345238095,0.13648900000000003,0.27297800000000005,0,0,1,0,4.0,0.947105,3.982042,-2.240611,3.458689
VGG,X-Shift,VGG | X-Shift,sample_0024_real_07293.json,real,1,0,0.856314,0.349899,-0.5064150000000001,0.5064150000000001,0.001285,0.102629,0.948043,0.0,0.6942881071428572,0.15010099999999998,0.30020199999999997,0,0,1,0,3.786641,0.933518,3.874148,-2.690022,3.042755
VGG,PGD,VGG | PGD,sample_0007_real_06994.json,real,0,0,0.141159,0.34493,0.203771,0.203771,0.498704,0.111545,0.6948755,0.10569934222250305,0.49046441428571436,0.15506999999999999,0.31013999999999997,0,0,0,0,1.524812,0.972531,3.043913,-3.711693,3.019316
SPECTR,PGD,SPECTR | PGD,sample_0052_real_03705.json,real,1,0,0.540828,0.34368,-0.197148,0.197148,0.228336,0.062215,0.8547245,0.0,0.7067117738095239,0.15632000000000001,0.31264000000000003,0,0,1,0,3.212606,0.985835,4.100916,-3.306414,3.830525
AST,X-Shift,AST | X-Shift,sample_0013_real_13270.json,real,0,0,0.001811,0.342649,0.340838,0.340838,0.108652,0.261356,0.814996,0.1388368847757671,0.5413147738095238,0.15735100000000002,0.31470200000000004,1,0,0,0,3.063016,0.621995,2.359853,-1.713167,2.639735
VGG,PGD,VGG | PGD,sample_0000_fake_26837_udio_0.json,fake,1,1,0.504763,0.657422,0.152659,0.152659,0.522204,0.12568,0.676058,0.11028668599623384,0.5181359297619047,0.15742199999999995,0.3148439999999999,0,0,0,0,1.770915,0.98858,3.201568,-3.993097,2.557307
SPECTR,X-Shift,SPECTR | X-Shift,sample_0016_real_06665.json,real,0,0,0.376892,0.339403,-0.037488999999999995,0.037488999999999995,0.912352,0.645933,0.22085749999999998,0.05143262797428898,0.7250352797619048,0.160597,0.321194,0,0,1,0,3.633986,0.968724,4.129047,-3.052034,4.00575
SPECTR,X-Shift,SPECTR | X-Shift,sample_0021_fake_23884_suno_1.json,fake,1,1,0.678553,0.661347,-0.017205999999999944,0.017205999999999944,0.49339,0.298893,0.6038585,0.17371356274694072,0.8914718892857142,0.16134700000000002,0.32269400000000004,0,0,1,0,4.423386,0.978929,4.649119,-1.226298,4.015719
SPECTR,X-Shift,SPECTR | X-Shift,sample_0002_real_03705.json,real,1,1,0.540828,0.661995,0.12116700000000002,0.12116700000000002,0.691275,0.412844,0.4479405,0.11617465093953527,0.8004965047619047,0.161995,0.32399,0,0,1,0,3.97679,0.998935,4.498794,-2.634874,4.329298
VGG,PGD,VGG | PGD,sample_0011_real_13325.json,real,1,0,0.918426,0.330337,-0.588089,0.588089,0.513725,0.072016,0.7071295,0.0,0.5404050738095237,0.169663,0.339326,0,0,0,0,2.453638,0.712424,3.063993,-3.156751,3.261164
VGG,Psychoacoustic,VGG | Psychoacoustic,sample_0016_real_06665.json,real,0,0,9.7e-05,0.325591,0.325494,0.325494,0.506254,0.123902,0.684922,0.20643884991802838,0.8640749742857142,0.17440899999999998,0.34881799999999996,0,0,1,0,4.411396,0.994252,4.835469,-2.239455,4.762174
SPECTR,PGD,SPECTR | PGD,sample_0042_real_20757.json,real,0,0,0.243013,0.323771,0.08075799999999997,0.08075799999999997,0.25692,0.074302,0.834389,0.16650242749024557,0.5661670976190476,0.17622900000000002,0.35245800000000005,1,0,0,0,3.3125,0.777771,2.672939,-2.968157,2.402464
VGG,PGD,VGG | PGD,sample_0000_real_12540.json,real,0,0,0.255203,0.323366,0.06816299999999997,0.06816299999999997,0.466374,0.060056,0.736785,0.08275474761119697,0.31794195714285717,0.176634,0.353268,0,0,0,0,1.227602,0.95363,1.990748,-3.743176,2.563038
SPECTR,X-Shift,SPECTR | X-Shift,sample_0006_real_19284.json,real,0,0,0.355279,0.321729,-0.033550000000000024,0.033550000000000024,0.553394,0.410765,0.5179205,0.13364803570897715,0.7237503428571429,0.178271,0.356542,0,0,1,0,3.499885,0.995381,4.645935,-3.986579,4.069891
AST,Psychoacoustic,AST | Psychoacoustic,sample_0000_fake_49482_udio_1.json,fake,1,1,0.999863,0.699299,-0.30056399999999994,0.30056399999999994,0.209543,0.188764,0.8008465,0.15984992417648625,0.5007581628571429,0.199299,0.398598,1,0,0,0,2.075374,0.932292,3.400548,-3.547694,2.755178
AST,Psychoacoustic,AST | Psychoacoustic,sample_0003_fake_09727_udio_1.json,fake,1,1,0.999724,0.700333,-0.29939099999999996,0.29939099999999996,0.147546,0.196381,0.8280365000000001,0.23575952478455806,0.7106197542857142,0.20033299999999998,0.40066599999999997,1,1,1,0,3.846545,0.996421,4.803938,-3.924474,3.867566
SPECTR,PGD,SPECTR | PGD,sample_0070_real_00193.json,real,0,0,0.054188,0.299203,0.24501499999999998,0.24501499999999998,0.21927,0.076289,0.8522205,0.21968643150071396,0.6418950726190477,0.200797,0.401594,1,1,1,0,3.583498,0.868608,3.550786,-2.825075,2.288037
SPECTR,X-Shift,SPECTR | X-Shift,sample_0001_fake_48933_suno_1.json,fake,1,1,0.797081,0.702112,-0.09496900000000008,0.09496900000000008,0.262837,0.17193,0.7826165,0.2711761284267204,0.8571964440476191,0.20211199999999996,0.4042239999999999,1,1,1,0,3.925215,0.990459,4.69404,-1.310605,3.861856
