stem,n_cases,n_models,n_attacks,afs_stable_mean,afs_stable_median,afs_stable_max,afs_stable_min,afs_quality_mean,afs_simple_mean,pred_preserved_rate,attribution_change_mean,attribution_change_median,cos_sim_median,top10_overlap_median,quality_score_mean,quality_score_median,margin_adv_mean,margin_adv_median,margin_drop_mean,abs_score_shift_mean,abs_score_shift_median,label_str,pesq_median,stoi_median,visqol_median,peaq_median,zimtohrli_median,best_case_afs_stable,best_model,best_attack,worst_case_afs_stable,worst_model,worst_attack
fake_01429_suno_1,9,3,3,0.6014608356248091,0.6125001882490653,0.7185299813908502,0.4834464187485043,0.623443452175738,0.7927565,1.0,0.7927565,0.7682789999999999,0.134188,0.0871565,0.8230125461111111,0.8116864657142855,0.48643544444444436,0.499889,-0.002391111111111092,0.018693555555555505,3.6999999999953737e-05,fake,3.8225365,0.985568,4.626357,-1.77279,3.98117,0.7185299813908502,AST,Attack_2,0.4834464187485043,VGG,Attack_2
fake_02193_udio_1,9,3,3,0.40608468678088067,0.35876362298419107,0.8160135,0.2221836064890797,0.4398872594154737,0.7597476666666667,0.8888888888888888,0.7597476666666667,0.83083825,0.22488049999999998,0.107454,0.6253978331746032,0.5800625842857143,0.4537477777777777,0.482819,0.009901555555555545,0.1328662222222222,0.0145129999999999,fake,3.160657,0.987584,3.920057,-3.979878,2.811334,0.8160135,VGG,Attack_1,0.2221836064890797,SPECTR,Attack_2
fake_02868_suno_1,9,3,3,0.617745291766204,0.6266398414613361,0.7326968589347916,0.4880350140518512,0.6221335863146379,0.8002861666666666,1.0,0.8002861666666666,0.793002,0.112844,0.0826495,0.8212887880952381,0.7988693657142856,0.4962053333333333,0.4998899999999999,-0.00265066666666663,0.002650888888888859,0.0001259999999999,fake,3.905957,0.989188,4.337894,-1.647379,3.977362,0.7326968589347916,AST,Attack_1,0.4880350140518512,SPECTR,Attack_1
fake_05418_udio_0,9,3,3,0.42989047116236456,0.4470416553062789,0.7332680472974401,0.0873006984395014,0.5099736965243955,0.7631004166666667,1.0,0.7631004166666667,0.79523475,0.204453,0.0970995,0.6970266684126983,0.66555616,0.4479376666666666,0.491114,0.043861999999999984,0.05178066666666662,0.008745,fake,3.855295,0.9933,4.180732,-3.831314,3.077464,0.7332680472974401,VGG,Attack_1,0.0873006984395014,AST,Attack_1
fake_06014_udio_0,9,3,3,0.5083457848862202,0.47241606030985395,0.7148273398690819,0.3531894432055891,0.5454509722200264,0.7647069166666666,1.0,0.7647069166666666,0.7857125,0.262083,0.1052595,0.7201937484523809,0.6807984125000001,0.4681718888888889,0.469958,0.008014444444444465,0.03222311111111109,0.032244,fake,3.3892385000000003,0.995802,4.556738,-3.789634,3.765882,0.7148273398690819,VGG,Attack_1,0.3531894432055891,SPECTR,Attack_1
fake_07770_udio_0,9,3,3,0.3864810252766042,0.3192316410831987,0.8338729473237821,0.1712939377161857,0.401777178724696,0.7749900833333333,1.0,0.7749900833333333,0.8202752499999999,0.238004,0.132557,0.5232513626984127,0.4310707914285714,0.47517511111111105,0.497496,0.011218888888888952,0.023619555555555515,0.0021349999999999,fake,1.762331,0.966193,3.027204,-3.991198,2.444818,0.8338729473237821,VGG,Attack_1,0.1712939377161857,SPECTR,Attack_1
fake_09727_udio_1,9,3,3,0.4968324652617055,0.5237797307283321,0.71272256583824,0.235759524784558,0.565701184469609,0.7483368333333335,1.0,0.7483368333333335,0.7714835,0.1793165,0.16094350000000002,0.7896049136507937,0.7287332471428571,0.4538351111111111,0.479969,0.02541388888888889,0.05378455555555549,0.0365109999999999,fake,3.814848,0.997368,4.835037,-3.924474,4.321272,0.71272256583824,VGG,Attack_1,0.235759524784558,AST,Attack_1
fake_09896_suno_1,9,3,3,0.7873851581446255,0.804286287322715,0.9496228882023104,0.5176864956226681,0.7940695818689844,0.81518075,1.0,0.81518075,0.82724325,0.113072,0.032623,0.9804741546825397,0.9824615071428572,0.49562055555555556,0.499888,0.0009211111111111106,0.0009673333333332883,3.399999999997849e-05,fake,4.5688379999999995,0.999377,4.99266,-0.254995,4.963645,0.9496228882023104,AST,Attack_2,0.5176864956226681,SPECTR,Attack_1
fake_12630_suno_1,9,3,3,0.636943198843632,0.6964761059879336,0.949691291308649,0.2741942875449277,0.7110224753288342,0.7290005,1.0,0.7290005,0.71037625,0.2642705,0.112424,0.9812968587301588,0.9783577485714284,0.43799188888888885,0.4998129999999999,-0.046920555555555576,0.05505366666666665,0.000121,fake,4.498715,0.999529,4.980369,-0.294669,4.945676,0.949691291308649,AST,Attack_2,0.2741942875449277,SPECTR,Attack_1
fake_13018_udio_0,9,3,3,0.4434709833585439,0.45495904674157744,0.6759398238943387,0.137381924906999,0.5229047187890781,0.7824265833333334,0.8888888888888888,0.7824265833333334,0.7838397500000001,0.2061935,0.052569000000000005,0.6953817847222221,0.6334346750000001,0.44465622222222223,0.493746,0.03959944444444444,0.16312788888888885,0.015194,fake,,0.984693,4.314834,-3.763774,3.350236,0.6759398238943387,VGG,Attack_1,0.137381924906999,AST,Attack_1
fake_13581_udio_0,9,3,3,0.3739204500422059,0.3965228045978813,0.4999158382654176,0.1315766214178551,0.4306825051281533,0.7341448333333332,1.0,0.7341448333333332,0.80684025,0.22440100000000002,0.059488,0.6061719692063492,0.5561721499999999,0.4574552222222221,0.4726669999999999,0.008369111111111145,0.03530488888888884,0.026875,fake,2.908011,0.849814,3.368629,-3.101686,3.051334,0.4999158382654176,VGG,Attack_1,0.1315766214178551,SPECTR,Attack_1
fake_14334_suno_1,9,3,3,0.5500617678559108,0.5527046126540491,0.6649285,0.43073072648793,0.5618401834370802,0.7999563333333333,1.0,0.7999563333333333,0.795497,0.109527,0.045335,0.734946906031746,0.7442953385714286,0.47251166666666666,0.494198,0.013880333333333333,0.02019233333333331,0.0056009999999999,fake,3.609464,0.929218,4.26986,-2.319999,3.847399,0.6649285,VGG,Attack_1,0.43073072648793,VGG,Attack_2
fake_14886_suno_0,9,3,3,0.5523680953493973,0.5545272719748526,0.6472299468857062,0.4745433807028071,0.578103172290472,0.7872178333333334,1.0,0.7872178333333334,0.784102,0.1371885,0.095353,0.7771285365079366,0.7659687171428571,0.45194588888888887,0.49837,0.03047177777777779,0.04357599999999997,0.0042119999999999,fake,3.221878,0.970372,4.741247,-2.129041,3.738384,0.6472299468857062,AST,Attack_2,0.4745433807028071,VGG,Attack_2
fake_16796_suno_1,9,3,3,0.725644760722048,0.7145151419139351,0.9495428752182696,0.482558993816455,0.7472571837495473,0.7609757500000001,1.0,0.7609757500000001,0.7238855,0.272891,0.122471,0.985832986031746,0.98524925,0.4868046666666667,0.499851,-0.015258333333333339,0.016287888888888883,5.500000000002725e-05,fake,4.512664,0.999558,4.989573,-0.264224,4.97713,0.9495428752182696,AST,Attack_2,0.482558993816455,SPECTR,Attack_1
fake_18041_udio_1,9,3,3,0.4476347713327611,0.5534879360284602,0.6425162568671895,0.0,0.4627798608859448,0.66124075,0.7777777777777778,0.7764174166666667,0.8076265,0.17732599999999998,0.070573,0.7476198957142858,0.767238432857143,0.4366325555555555,0.492812,0.0013294444444444428,0.1572185555555555,0.0090419999999999,fake,3.849303,0.950364,4.37076,-2.190817,3.678641,0.6425162568671895,AST,Attack_2,0.0,VGG,Attack_2
fake_18908_suno_1,9,3,3,0.4874171253647306,0.5028973835729347,0.61948704504292,0.3312708173962543,0.497345606941932,0.7741905,0.8888888888888888,0.7741905,0.824167,0.1105615,0.052123,0.680489210952381,0.6683786671428571,0.49215888888888887,0.497797,0.0031134444444444517,0.1164192222222222,0.0029799999999999,fake,2.989807,0.890873,4.067717,-2.459156,3.542378,0.61948704504292,VGG,Attack_1,0.3312708173962543,SPECTR,Attack_1
fake_19538_udio_0,9,3,3,0.35433564353473296,0.3537209301015469,0.7662254472229392,0.0,0.35862826795897035,0.64664925,0.8888888888888888,0.7973255833333334,0.8460650000000001,0.1704855,0.0480695,0.5984544463492063,0.4534754114285714,0.45225166666666666,0.495743,0.041667,0.07305611111111107,0.0026049999999999,fake,1.813354,0.961296,3.064832,-3.994598,2.941267,0.7662254472229392,VGG,Attack_1,0.0,AST,Attack_1
fake_23504_suno_1,9,3,3,0.42700489162730326,0.4399885829682647,0.73062335588691,0.0,0.45924725744131784,0.6671849166666667,0.8888888888888888,0.8094600833333333,0.79511975,0.1613995,0.055754,0.7011687730158731,0.7364407571428571,0.4173605555555555,0.498653,-0.046266888888888906,0.1138062222222222,0.00117,fake,3.778063,0.936887,4.078179,-2.211028,3.3986,0.73062335588691,VGG,Attack_1,0.0,SPECTR,Attack_2
fake_23853_udio_1,9,3,3,0.4970413297382941,0.478204311930128,0.7960325472745308,0.2848158131267634,0.5179066368196029,0.8021385833333333,1.0,0.8021385833333333,0.8630675000000001,0.12660300000000002,0.0471775,0.6727904979365079,0.6455485342857143,0.4825172222222222,0.498227,0.003287777777777793,0.011903333333333295,0.0029789999999999,fake,3.680583,0.9739,4.138501,-3.972435,3.036021,0.7960325472745308,VGG,Attack_1,0.2848158131267634,SPECTR,Attack_1
fake_23884_suno_1,9,3,3,0.5477063961606595,0.5795051376968163,0.70177,0.3200975323033875,0.6012682859530966,0.8037539166666666,1.0,0.8037539166666666,0.804813,0.11951250000000001,0.048101500000000005,0.7969469019047619,0.7673798499999999,0.4330496666666666,0.499498,-0.04028133333333336,0.04732266666666664,0.0002539999999999,fake,4.184517,0.934254,3.932309,-1.926984,3.70726,0.70177,VGG,Attack_1,0.3200975323033875,SPECTR,Attack_2
fake_24388_suno_1,9,3,3,0.4657518920445014,0.4601313880191594,0.6390387467197345,0.3189022635336016,0.47372397637764035,0.7735905000000001,1.0,0.7735905000000001,0.81322575,0.157108,0.0565195,0.6681521277777778,0.6981595800000001,0.4879013333333333,0.494082,-0.00575700000000001,0.009305444444444411,0.0051889999999999,fake,3.574558,0.936439,3.803198,-2.257167,3.24195,0.6390387467197345,VGG,Attack_1,0.3189022635336016,SPECTR,Attack_1
fake_25170_suno_0,9,3,3,0.6587883546666747,0.610038425429767,0.8918759667381302,0.5279156417687084,0.7349950875954218,0.7662513333333334,1.0,0.7662513333333334,0.77791175,0.1377445,0.1079005,0.9697569899999999,0.9687249999999998,0.4712327777777777,0.499927,0.022748555555555564,0.026523222222222215,1.7000000000044757e-05,fake,4.462429,0.998432,4.976331,-0.403339,4.942531,0.8918759667381302,AST,Attack_2,0.5279156417687084,SPECTR,Attack_1
fake_26293_suno_0,9,3,3,0.46396857624845883,0.4653547705409461,0.6842125,0.177368062338991,0.46754631300540034,0.7376269166666667,1.0,0.7376269166666667,0.8224447500000001,0.12569,0.0732265,0.6857927807936508,0.6912642057142857,0.4916418888888889,0.499272,0.004494444444444411,0.004688444444444412,0.0003379999999999,fake,3.548789,0.897178,3.753357,-1.979621,2.960402,0.6842125,VGG,Attack_1,0.177368062338991,SPECTR,Attack_1
fake_26837_udio_0,9,3,3,0.3405302817548929,0.3969979619451956,0.497360935493268,0.096738218835915,0.3896558041127258,0.73916125,1.0,0.73916125,0.8280305,0.17374699999999998,0.08746799999999999,0.587188412063492,0.5917489485714285,0.4310223333333333,0.4719919999999999,-0.11399899999999999,0.15186877777777774,0.0451979999999999,fake,3.064182,0.989715,4.029158,-3.981918,2.634837,0.497360935493268,AST,Attack_1,0.096738218835915,VGG,Attack_2
fake_27504_udio_1,9,3,3,0.672730688535224,0.695935127101355,0.8872311114707792,0.3409342396020266,0.7180044614482969,0.76207475,1.0,0.76207475,0.78593275,0.15105200000000002,0.089211,0.9575166084126985,0.9649846257142858,0.47505688888888886,0.499891,-0.00667622222222224,0.020808222222222193,4.4000000000044e-05,fake,4.275778,0.999372,4.985885,-0.359611,4.865223,0.8872311114707792,AST,Attack_2,0.3409342396020266,SPECTR,Attack_1
fake_29238_suno_1,9,3,3,0.6399740274159069,0.6558485005283792,0.82123400336844,0.4679627994557165,0.6477417853129543,0.7854240833333334,1.0,0.7854240833333334,0.7699867499999999,0.134821,0.092794,0.8674003436507937,0.8542281314285715,0.49280611111111106,0.499708,-0.0033351111111111238,0.003995333333333325,0.0001329999999999,fake,4.134939,0.973185,4.650939,-1.401859,4.509734,0.82123400336844,AST,Attack_1,0.4679627994557165,SPECTR,Attack_1
fake_30244_udio_0,9,3,3,0.506967484012675,0.5038264672359367,0.712396187888,0.2429136277967385,0.5267512354896513,0.7485469166666667,0.8888888888888888,0.7485469166666667,0.78415675,0.308231,0.091194,0.7166109534920635,0.6724074742857142,0.4803738888888889,0.485056,0.008910111111111079,0.1199543333333333,0.0037869999999999,fake,4.129162,0.966122,4.342251,-3.968828,3.555729,0.712396187888,VGG,Attack_1,0.2429136277967385,SPECTR,Attack_1
fake_30470_udio_1,9,3,3,0.28104278187515797,0.22635970234499392,0.7658643468620476,0.0,0.29318074714935927,0.640445,0.8888888888888888,0.7903675833333333,0.8480865,0.1803525,0.0477295,0.4934775104761905,0.3453969428571429,0.4360967777777777,0.484812,0.05750722222222219,0.08805611111111106,0.001751,fake,1.4168,0.774029,2.329701,-3.995057,2.665983,0.7658643468620476,VGG,Attack_1,0.0,AST,Attack_1
fake_31014_suno_0,9,3,3,0.682625564782075,0.7106413580918043,0.927882657850252,0.3075543206384772,0.7282289538578461,0.7508044166666666,1.0,0.7508044166666666,0.7570475000000001,0.1903155,0.09338450000000001,0.977314565079365,0.9751693,0.45884133333333327,0.499909,-0.028289666666666657,0.03202944444444442,3.199999999992098e-05,fake,4.523481,0.99931,4.978647,-0.429953,4.953753,0.927882657850252,AST,Attack_1,0.3075543206384772,SPECTR,Attack_1
fake_32764_suno_0,9,3,3,0.523380619561388,0.5193509373439134,0.633937851709152,0.4063896323811357,0.5475563487790313,0.80304075,1.0,0.80304075,0.808771,0.1069735,0.0439175,0.7280744273015873,0.75734357,0.47834999999999994,0.499803,0.004910000000000011,0.004910000000000011,9.40000000000385e-05,fake,3.830625,0.934784,4.144652,-2.184275,3.412136,0.633937851709152,AST,Attack_1,0.4063896323811357,SPECTR,Attack_1
fake_35261_suno_1,9,3,3,0.6636346693827279,0.6322319629277178,0.8349531147960582,0.525213,0.6673231855199977,0.7807938333333334,1.0,0.7807938333333334,0.7889967499999999,0.1302995,0.0787175,0.8838520936507935,0.8747470528571428,0.4805602222222222,0.495259,0.015460777777777783,0.018294333333333287,0.000688,fake,4.035388,0.996568,4.728535,-1.208868,4.636019,0.8349531147960582,AST,Attack_1,0.525213,VGG,Attack_1
fake_37097_udio_0,9,3,3,0.32704787880259406,0.3082452461802572,0.7792905208836715,0.014964830284758,0.4267383549386716,0.8235254166666667,1.0,0.8235254166666667,0.8500492500000001,0.16577750000000002,0.021948000000000002,0.5764401095238095,0.5540413485714286,0.4140112222222222,0.491599,0.0782381111111111,0.0782381111111111,0.005098,fake,2.771095,0.89983,3.537799,-3.987748,3.080311,0.7792905208836715,VGG,Attack_1,0.014964830284758,AST,Attack_1
fake_38961_udio_0,9,3,3,0.5600253892832331,0.5992928375897681,0.72088102379826,0.1891547284879762,0.5708036065967156,0.7284928333333333,1.0,0.7284928333333333,0.7782739999999999,0.171185,0.1546425,0.8373002976190476,0.7779621328571429,0.4894152222222222,0.4995549999999999,0.001498111111111083,0.006720555555555539,0.000383,fake,4.208309,0.999148,4.813675,-3.290384,4.245945,0.72088102379826,VGG,Attack_1,0.1891547284879762,SPECTR,Attack_1
fake_40188_udio_1,9,3,3,0.5647035245923658,0.5743890980020158,0.7286935074168204,0.3481742914447339,0.5831484838604011,0.7730333333333334,1.0,0.7730333333333334,0.799556,0.171609,0.1012885,0.7707873041666667,0.7191229875,0.4881418888888888,0.4993269999999999,0.004862777777777788,0.009509444444444433,0.0003529999999999,fake,,0.973759,4.328247,-2.350546,3.723549,0.7286935074168204,VGG,Attack_1,0.3481742914447339,SPECTR,Attack_1
fake_41087_udio_1,9,3,3,0.2473241660424311,0.26032611570532443,0.4384647520267974,0.0,0.3669863238025221,0.65069275,0.8888888888888888,0.77204775,0.79696375,0.14921099999999998,0.096277,0.5842118623809524,0.5689907842857143,0.32717644444444444,0.324589,0.06801555555555558,0.1440133333333333,0.1222789999999999,fake,2.321027,0.879862,3.797423,-3.169259,2.868769,0.4384647520267974,AST,Attack_2,0.0,VGG,Attack_2
fake_41199_suno_0,9,3,3,0.48980921797558213,0.5356759002152904,0.6467030616815331,0.1424012999317568,0.5664160659638665,0.7908605833333334,0.8888888888888888,0.7908605833333334,0.79686425,0.1234215,0.05690050000000001,0.7456916833333334,0.7280794657142857,0.4356605555555555,0.486417,-0.04122822222222225,0.16839355555555555,0.0137329999999999,fake,3.673739,0.957694,4.146961,-1.959235,3.168302,0.6467030616815331,AST,Attack_2,0.1424012999317568,SPECTR,Attack_2
fake_42122_suno_1,9,3,3,0.6247514542305938,0.6101670276771431,0.7880183272958744,0.4359320230997938,0.6423703047475093,0.7816155,1.0,0.7816155,0.82377225,0.1205745,0.039594500000000005,0.866226052063492,0.8564974228571428,0.4886777777777777,0.49973,-0.0012231111111111162,0.00770644444444444,0.000198,fake,4.228539,0.97854,4.500356,-1.358264,4.229922,0.7880183272958744,AST,Attack_2,0.4359320230997938,SPECTR,Attack_1
fake_43253_udio_0,9,3,3,0.4134325946798911,0.4134678257872254,0.651350087265075,0.2207747311706383,0.47588288240779913,0.7483646666666667,1.0,0.7483646666666667,0.791376,0.21053349999999998,0.07629849999999999,0.6909136731746032,0.6435744057142857,0.45088466666666666,0.489928,0.033085666666666666,0.042365,0.008844,fake,3.621796,0.998355,3.714744,-3.482103,3.312624,0.651350087265075,VGG,Attack_1,0.2207747311706383,AST,Attack_1
fake_44098_suno_0,9,3,3,0.4783396144306473,0.4296450468406058,0.8650109685424058,0.2382996932014595,0.49176199069021215,0.7310898333333333,0.8888888888888888,0.7310898333333333,0.78487975,0.11919400000000001,0.1015805,0.675291729047619,0.6372988842857144,0.4693737777777777,0.498824,0.016227888888888858,0.10066499999999996,0.0010909999999999,fake,3.091175,0.860317,3.620577,-2.125326,3.421809,0.8650109685424058,AST,Attack_1,0.2382996932014595,SPECTR,Attack_1
fake_46348_udio_1,9,3,3,0.4366714684239394,0.3798901122221262,0.8300183069189131,0.245138361955028,0.4656678049533302,0.8131756666666666,0.8888888888888888,0.8131756666666666,0.8756835000000001,0.1416215,0.06296449999999999,0.6034689961904761,0.5375231342857143,0.4777771111111111,0.498652,0.009201555555555565,0.13562177777777776,0.0143179999999999,fake,2.235187,0.927109,3.947684,-3.983057,3.369332,0.8300183069189131,VGG,Attack_1,0.245138361955028,SPECTR,Attack_1
fake_46574_suno_1,9,3,3,0.6735225601023371,0.683748561676646,0.8770039843473904,0.3697109326484659,0.6805055745383286,0.7404575833333333,1.0,0.7404575833333333,0.787433,0.1560925,0.09489650000000001,0.9375831753968255,0.9360991385714286,0.4880801111111111,0.4998629999999999,0.003001888888888901,0.007001222222222205,8.000000000008001e-05,fake,4.353907,0.997846,4.90625,-0.710294,4.766504,0.8770039843473904,AST,Attack_1,0.3697109326484659,SPECTR,Attack_1
fake_46798_udio_1,9,3,3,0.38603056460973134,0.34130230042050075,0.6990099999999999,0.217545222594276,0.41927131759488584,0.7925851666666667,0.8888888888888888,0.7925851666666667,0.80441525,0.177989,0.036457500000000004,0.5789886846031745,0.5461384328571428,0.40647955555555554,0.455921,0.06834877777777776,0.09941588888888889,0.030017,fake,2.821469,0.895609,3.515199,-3.984473,3.260118,0.6990099999999999,VGG,Attack_1,0.217545222594276,SPECTR,Attack_1
fake_48933_suno_1,9,3,3,0.5090663153321344,0.555029968726488,0.6275409999999999,0.3298150383364312,0.5493324686838719,0.7801605,1.0,0.7801605,0.802663,0.165805,0.057677,0.7468956004761904,0.7034364228571428,0.44223955555555555,0.499761,-0.009913555555555526,0.034780888888888875,0.000136,fake,3.400012,0.941726,4.080429,-2.155329,3.303457,0.6275409999999999,VGG,Attack_1,0.3298150383364312,SPECTR,Attack_2
fake_49262_suno_1,9,3,3,0.5725441951681026,0.5671967832162268,0.73112952125952,0.4079827043190577,0.5795210282043644,0.8161445,1.0,0.8161445,0.8276835,0.09864999999999999,0.035006999999999996,0.7501631487301588,0.7284861457142858,0.4908594444444444,0.499476,-0.00070811111111111,0.0035989999999999542,0.0003459999999999,fake,3.613609,0.92721,4.055413,-1.729391,3.482365,0.73112952125952,VGG,Attack_1,0.4079827043190577,SPECTR,Attack_1
fake_49482_udio_1,9,3,3,0.3905208562999154,0.36916782720348423,0.6870855,0.1598499241764862,0.4349596585871576,0.7612408333333334,1.0,0.7612408333333334,0.743966,0.19675700000000002,0.1166535,0.5973792960317461,0.5257128428571429,0.45922511111111114,0.4993539999999999,0.03396122222222219,0.03573477777777774,0.0005089999999999,fake,2.098418,0.950485,3.487176,-3.547694,2.951764,0.6870855,VGG,Attack_1,0.1598499241764862,AST,Attack_1
fake_50028_suno_1,9,3,3,0.4602256824739206,0.43544513074772934,0.6777071324750613,0.3033912257380239,0.5081820598206571,0.8065462499999999,1.0,0.8065462499999999,0.812472,0.14043,0.052201,0.6649049136507936,0.6488851042857144,0.45704211111111115,0.4999019999999999,-0.04087711111111109,0.0908151111111111,8.599999999991947e-05,fake,2.770736,0.989402,3.941584,-2.442881,3.104196,0.6777071324750613,VGG,Attack_1,0.3033912257380239,AST,Attack_1
fake_50637_suno_0,9,3,3,0.4445662988553008,0.4851227522421007,0.6443946465654845,0.1169581926383117,0.5501278483890731,0.7535828333333333,1.0,0.7535828333333333,0.7856065,0.10686899999999999,0.105877,0.7858502871428572,0.7758383714285715,0.4492923333333333,0.4999209999999999,0.04619366666666667,0.04730499999999999,2.8000000000028e-05,fake,3.787417,0.946812,4.376525,-1.819104,3.87579,0.6443946465654845,AST,Attack_2,0.1169581926383117,AST,Attack_1
fake_51339_udio_0,9,3,3,0.42329017050007406,0.462042021061419,0.7433718826325063,0.0,0.42774505158754367,0.62134275,0.8888888888888888,0.76601,0.811515,0.24359150000000002,0.09902150000000001,0.7102487916666667,0.636026425,0.45062722222222223,0.487846,0.04021244444444443,0.07324377777777775,0.002915,fake,,0.986256,4.245253,-3.845483,3.491046,0.7433718826325063,VGG,Attack_1,0.0,AST,Attack_1
fake_51789_suno_0,9,3,3,0.36472979937993477,0.4079955573970674,0.59341779836232,0.0848320303525212,0.4715218526884232,0.8038620833333333,0.8888888888888888,0.8038620833333333,0.82792775,0.127104,0.035428,0.6371973822222222,0.650723762857143,0.4172482222222222,0.492935,0.07864944444444447,0.17556699999999997,0.0006739999999999,fake,2.737935,0.95674,3.964378,-2.575232,3.318254,0.59341779836232,VGG,Attack_1,0.0848320303525212,AST,Attack_1
fake_52861_suno_1,9,3,3,0.6325635825669712,0.6784647271841897,0.8872686815506802,0.3582864565052799,0.7433142311873436,0.7828425833333333,1.0,0.7828425833333333,0.77542325,0.16204,0.07895150000000001,0.9623861317460318,0.959383597142857,0.4219797777777778,0.4999369999999999,-0.0029691111111111255,0.034059777777777765,1.4999999999987246e-05,fake,4.489547,0.998123,4.900259,-0.431985,4.793228,0.8872686815506802,AST,Attack_2,0.3582864565052799,SPECTR,Attack_1
real_00193,9,3,3,0.48804230170758495,0.49996901668254184,0.8136162115599336,0.2050594995934709,0.5503344386801199,0.7726324166666667,1.0,0.7726324166666667,0.78198475,0.3533245,0.078591,0.707776021904762,0.6774664585714285,0.4505346666666667,0.499736,0.031122333333333346,0.03154077777777776,0.000626,real,3.907354,0.914184,3.766143,-2.210893,2.552182,0.8136162115599336,AST,Attack_1,0.2050594995934709,SPECTR,Attack_2
real_00224,9,3,3,0.4700934984278315,0.44294372963298745,0.6809540773372214,0.35256157515475,0.47320759020195685,0.7481293333333333,0.8888888888888888,0.7481293333333333,0.7119915,0.4414855,0.120908,0.6530028949206349,0.6454075071428571,0.47407266666666664,0.499859,0.019987000000000015,0.08722344444444444,0.000105,real,3.321164,0.996138,3.7516,-2.68339,2.86666,0.6809540773372214,VGG,Attack_1,0.35256157515475,SPECTR,Attack_2
real_00268,9,3,3,0.5577387234494977,0.5603952171179605,0.838878756939601,0.2808417554712527,0.6025737821417586,0.7759164166666667,0.8888888888888888,0.7759164166666667,0.747209,0.4007175,0.087972,0.7975899038095238,0.8102506,0.4592083333333334,0.499979,-0.016590333333333283,0.10164433333333332,0.000215,real,4.170369,0.986325,4.343246,-1.615728,3.647309,0.838878756939601,AST,Attack_1,0.2808417554712527,SPECTR,Attack_2
real_00577,9,3,3,0.40830751569291146,0.37902127138020636,0.5790496148863755,0.3398699320730255,0.41505090399136657,0.77916775,1.0,0.77916775,0.794991,0.35861350000000003,0.075935,0.5720280417460317,0.5874755071428572,0.49145966666666663,0.496059,-0.005648999999999981,0.007019444444444444,0.001383,real,2.963362,0.958214,3.994076,-3.985534,2.929451,0.5790496148863755,AST,Attack_1,0.3398699320730255,SPECTR,Attack_1
real_00689,9,3,3,0.6350714151275549,0.582737078206818,0.9092419017221394,0.5092498099216991,0.6392217118129833,0.8008160000000001,1.0,0.8008160000000001,0.8048015,0.3041795,0.081293,0.8328929895238095,0.8518284942857143,0.496475,0.499981,-0.00013799999999997777,0.0006246666666666555,0.0,real,4.004213,0.980582,4.493283,-1.035001,4.028217,0.9092419017221394,AST,Attack_1,0.5092498099216991,SPECTR,Attack_1
real_01021,9,3,3,0.4508497685676139,0.41285774493655825,0.6968839852198284,0.2432038320816452,0.4854112442468703,0.7306034166666667,1.0,0.7306034166666667,0.7252177499999999,0.44605500000000003,0.1313105,0.6630174247619048,0.6432518914285714,0.4518426666666666,0.499293,-0.0011020000000000018,0.027603777777777765,0.000542,real,3.443458,0.842011,3.360719,-1.851683,2.842531,0.6968839852198284,AST,Attack_1,0.2432038320816452,SPECTR,Attack_2
real_01192,9,3,3,0.4188807263916055,0.333223031385553,0.896338588196,0.2794560508984955,0.42807270861552166,0.8057724166666667,1.0,0.8057724166666667,0.81469525,0.2356235,0.0505855,0.5194592122222222,0.4818427971428572,0.4794926666666666,0.49998,-0.001994333333333333,0.011682999999999978,9.4e-05,real,2.046676,0.889625,3.604464,-3.986623,2.615532,0.896338588196,AST,Attack_1,0.2794560508984955,SPECTR,Attack_2
real_03041,9,3,3,0.40906505406473986,0.43124821870324853,0.7181208734271813,0.0,0.41064704858548895,0.6518786666666667,0.8888888888888888,0.7870486666666667,0.7754512499999999,0.3620445,0.056087,0.6238204198412699,0.6295054285714285,0.43302666666666667,0.499707,-0.037516666666666705,0.07953177777777778,0.000396,real,2.767497,0.867596,3.752718,-2.537959,3.39871,0.7181208734271813,AST,Attack_1,0.0,SPECTR,Attack_2
real_03067,9,3,3,0.7032476629457922,0.6751984346473101,0.9399134017288104,0.5036869117791468,0.7165219103682411,0.78496675,1.0,0.78496675,0.7690939999999999,0.3040455,0.10272,0.9297293926984127,0.9266177428571428,0.49077777777777776,0.49999,0.0032732222222222073,0.003412555555555556,2.000000000000001e-06,real,4.31214,0.99924,4.931558,-0.960674,4.725145,0.9399134017288104,AST,Attack_1,0.5036869117791468,SPECTR,Attack_1
real_03147,9,3,3,0.6048608923095222,0.5533041550731346,0.7860039614788085,0.4638122349952414,0.6110417567400289,0.75381625,1.0,0.75381625,0.75952375,0.373371,0.12252850000000001,0.8387961761904763,0.8559263285714286,0.4941057777777778,0.499961,-0.0017107777777777594,0.0023407777777777446,0.000202,real,4.230035,0.998504,4.621186,-1.08025,3.643002,0.7860039614788085,AST,Attack_1,0.4638122349952414,SPECTR,Attack_1
real_03464,9,3,3,0.36641408696886435,0.3620514672765726,0.4658458505643035,0.2633949881129888,0.37212731546145733,0.7710026666666666,1.0,0.7710026666666666,0.75935725,0.387154,0.0941315,0.5120409607936508,0.5194496757142858,0.46124155555555557,0.493935,0.019458444444444434,0.03562444444444441,0.0047799999999999,real,2.392564,0.902115,3.391578,-3.990567,2.822387,0.4658458505643035,AST,Attack_1,0.2633949881129888,SPECTR,Attack_1
real_03705,9,3,3,0.4649530226722102,0.5245433675186963,0.7256293313091153,0.0,0.467258586734492,0.6241170833333333,0.8888888888888888,0.7665711666666667,0.7832755,0.3010705,0.07185,0.7507684606349206,0.75991182,0.4222182222222222,0.499968,-0.0753088888888889,0.0843948888888889,6.8e-05,real,3.97679,0.987636,4.366555,-2.688969,4.142557,0.7256293313091153,AST,Attack_1,0.0,SPECTR,Attack_2
real_03751,9,3,3,0.48191212789369353,0.5092354597411685,0.8897066993970001,0.0,0.4835053479156388,0.6688036666666667,0.7777777777777778,0.81469475,0.8089885,0.2993935,0.063742,0.6941004849206349,0.6790310371428572,0.3933043333333333,0.499881,-0.05073366666666664,0.06314077777777777,5.3e-05,real,3.075291,0.975877,4.280511,-3.184376,3.777278,0.8897066993970001,AST,Attack_1,0.0,SPECTR,Attack_2
real_06031,9,3,3,0.39669032370492924,0.38446349434122035,0.818325831632,0.0,0.3972115052432976,0.6471149166666667,0.8888888888888888,0.78429875,0.7698855,0.381182,0.06250700000000001,0.5940832998412698,0.5422995814285715,0.39462766666666665,0.499813,-0.035228333333333355,0.06551055555555554,1.3999999999999988e-05,real,2.895729,0.851113,3.677593,-3.968156,2.9619,0.818325831632,AST,Attack_1,0.0,SPECTR,Attack_2
real_06308,9,3,3,0.52959534933344,0.48204730801072027,0.7491798645562642,0.3864412324678433,0.5622544620881625,0.7796973333333334,1.0,0.7796973333333334,0.749904,0.37660499999999997,0.100238,0.7770714922222222,0.76422848,0.4588004444444444,0.499986,-0.016703444444444413,0.018929666666666657,5e-06,real,3.712178,0.961021,4.243939,-2.140843,4.047197,0.7491798645562642,AST,Attack_1,0.3864412324678433,SPECTR,Attack_2
real_06334,9,3,3,0.5401049118696494,0.47896270923257156,0.878122501102,0.4221394997471367,0.5477462607866119,0.7965036666666667,1.0,0.7965036666666667,0.806057,0.287385,0.084089,0.6773222785714286,0.6486968171428572,0.4940628888888889,0.499961,-0.006229222222222221,0.006239222222222211,2.6e-05,real,3.520233,0.97948,4.304272,-3.930039,3.530082,0.878122501102,AST,Attack_1,0.4221394997471367,SPECTR,Attack_1
real_06651,9,3,3,0.2902380336004678,0.18881968081284917,0.872935623207,0.1357571493911012,0.2967082681374821,0.7796642500000001,1.0,0.7796642500000001,0.79192825,0.323895,0.0756015,0.3460048282539683,0.2942861257142857,0.48222,0.496644,-0.04984366666666662,0.04986055555555555,0.0021449999999999,real,1.246609,0.536707,1.613051,-3.855731,2.994282,0.872935623207,AST,Attack_1,0.1357571493911012,SPECTR,Attack_1
real_06665,9,3,3,0.39870145398031215,0.35406309525697455,0.7904282550114303,0.0844005645799906,0.5719083146280998,0.7692040833333333,1.0,0.7692040833333333,0.7096184999999999,0.4465795,0.085496,0.7492373152380952,0.7083389357142857,0.35172166666666665,0.491888,0.022611999999999986,0.0580322222222222,0.008015,real,3.633986,0.968724,4.129047,-3.052034,3.965687,0.7904282550114303,AST,Attack_1,0.0844005645799906,SPECTR,Attack_2
real_06824,9,3,3,0.5434848227810537,0.504167672019874,0.908310982871,0.3630868502296215,0.5520295363508052,0.772516,0.8888888888888888,0.772516,0.80503875,0.2197895,0.094611,0.7463011817460318,0.7857074471428571,0.4323601111111111,0.496826,0.03297588888888888,0.07092499999999997,0.0152249999999999,real,3.583085,0.984409,4.28187,-1.878489,4.012251,0.908310982871,AST,Attack_1,0.3630868502296215,SPECTR,Attack_1
real_06994,9,3,3,0.43010770033376805,0.45215587782211075,0.851007829776,0.0995389580412736,0.48386609801168157,0.77340375,1.0,0.77340375,0.711614,0.486112,0.07833499999999999,0.6435975414285715,0.66522214,0.38357844444444444,0.490984,-0.009047777777777785,0.10270244444444446,0.091117,real,3.028341,0.97995,4.036414,-3.022,3.304544,0.851007829776,AST,Attack_1,0.0995389580412736,VGG,Attack_2
real_07251,9,3,3,0.267202913594351,0.2830233591085629,0.393047353948,0.063340534088,0.3405942199803736,0.7133686666666667,1.0,0.7133686666666667,0.80120825,0.261205,0.1363785,0.5607984166666666,0.6666666666666666,0.39133999999999997,0.397956,-0.043560333333333326,0.04356033333333334,0.0,real,,0.0,5.0,0.0,5.0,0.393047353948,VGG,Attack_1,0.063340534088,SPECTR,Attack_1
real_07252,9,3,3,0.5637354999678661,0.5138963142054505,0.880727750825,0.4163884066066414,0.5685701392375425,0.7971095,1.0,0.7971095,0.80064625,0.316824,0.0619285,0.7133685473015873,0.7118338599999999,0.49292722222222224,0.49986,0.0021297777777777634,0.0037437777777777673,5.499999999999998e-05,real,3.736685,0.994507,4.405552,-3.280525,3.446999,0.880727750825,AST,Attack_1,0.4163884066066414,SPECTR,Attack_1
real_07265,9,3,3,0.45135601648610596,0.41695262054177973,0.6829371701411089,0.3227514775847222,0.46642946203109753,0.7412475833333333,1.0,0.7412475833333333,0.7103952499999999,0.4373675,0.117928,0.6646104560317461,0.6763515714285715,0.47089388888888883,0.487863,-0.009034888888888929,0.0165551111111111,0.006709,real,3.876514,0.987157,4.3307,-3.975876,3.27272,0.6829371701411089,AST,Attack_1,0.3227514775847222,VGG,Attack_2
real_07293,9,3,3,0.3723323221592942,0.3948424677742749,0.81828330045,0.0,0.40757783036727274,0.6529356666666667,0.7777777777777778,0.7777827500000001,0.769464,0.364431,0.096641,0.6244010517460317,0.5916144442857143,0.375263,0.488657,-0.039092999999999996,0.20116411111111107,0.0629299999999999,real,3.653009,0.897422,3.583197,-3.978617,3.338115,0.81828330045,AST,Attack_1,0.0,VGG,Attack_2
real_09534,9,3,3,0.39561996274638783,0.43746374264112253,0.6447968286151881,0.0,0.42349296275110415,0.5689714166666667,0.7777777777777778,0.7176133333333333,0.7221635,0.4153525,0.151926,0.7495696472222222,0.7590717250000001,0.41847166666666663,0.47371,-0.10398466666666666,0.11764399999999998,0.0224019999999999,real,,0.976896,4.537969,-2.697222,3.808746,0.6447968286151881,AST,Attack_1,0.0,AST,Attack_2
real_09723,9,3,3,0.5228904272459702,0.501834041999687,0.870237153168,0.3491029675833821,0.5449987104188154,0.7923222499999999,1.0,0.7923222499999999,0.7955705,0.2091005,0.1042785,0.6952550179365079,0.70044507,0.4738803333333333,0.499831,-0.012588999999999982,0.018686333333333322,0.006759,real,3.50936,0.997524,4.327527,-3.556312,3.568712,0.870237153168,AST,Attack_1,0.3491029675833821,SPECTR,Attack_2
real_09833,9,3,3,0.24537934023861319,0.28085542581006406,0.3485158281593333,0.0546926849039999,0.3300744427289819,0.703072,1.0,0.703072,0.78286475,0.3382835,0.0885435,0.5604156388888888,0.6666666666666666,0.37239622222222224,0.378307,-0.024616555555555555,0.03300366666666665,0.0,real,,0.0,5.0,0.0,5.0,0.3485158281593333,VGG,Attack_1,0.0546926849039999,SPECTR,Attack_1
real_10022,9,3,3,0.33589165785252034,0.31838909195641085,0.6527153482346787,0.1391509533882463,0.45131942456476065,0.8087760833333334,1.0,0.8087760833333334,0.7886555,0.2263255,0.099002,0.5442719304761905,0.5170818971428572,0.4008001111111111,0.49203,-0.013582444444444456,0.0969822222222222,0.013155,real,1.3453,0.989857,4.709486,-3.981189,2.89342,0.6527153482346787,AST,Attack_1,0.1391509533882463,VGG,Attack_1
real_10101,9,3,3,0.3908429219055698,0.259985721858098,0.921888625508,0.2045371111918496,0.3940918840086409,0.7964614999999999,1.0,0.7964614999999999,0.819129,0.26572799999999996,0.081622,0.48154528793650797,0.4492190385714286,0.492326,0.499912,-0.0041163333333333035,0.00411633333333331,3.8e-05,real,2.323239,0.742811,3.10037,-3.987438,3.010694,0.921888625508,AST,Attack_1,0.2045371111918496,SPECTR,Attack_1
real_11244,9,3,3,0.5396256786015113,0.557244016574152,0.7140921817955223,0.231997555304707,0.5428825064273105,0.7403560833333334,1.0,0.7403560833333334,0.76782525,0.360306,0.1040435,0.7877192347222223,0.732664875,0.4959373333333333,0.499995,-0.0001256666666666612,0.00022299999999996666,1.9999999999999995e-06,real,,0.999314,4.904987,-3.964449,4.711249,0.7140921817955223,AST,Attack_2,0.231997555304707,SPECTR,Attack_1
real_11262,9,3,3,0.6030310682457499,0.5643183750160545,0.8047950052491603,0.4503872900452048,0.6192896649025511,0.7450864166666666,1.0,0.7450864166666666,0.71882975,0.36827350000000003,0.1393455,0.8563267595238095,0.8671563171428571,0.4814132222222222,0.499925,-0.0025908888888888774,0.008977555555555534,3.3e-05,real,4.270541,0.991297,4.643011,-1.450125,4.237569,0.8047950052491603,AST,Attack_1,0.4503872900452048,SPECTR,Attack_2
real_11839,9,3,3,0.4976428405126698,0.4791087593427598,0.6642506233427076,0.2993598828421351,0.5450432673179564,0.7426686666666665,1.0,0.7426686666666665,0.6941627499999999,0.5389725000000001,0.11999950000000001,0.7628802558730159,0.7828655471428572,0.4513603333333333,0.482763,-0.01416166666666658,0.014630777777777722,0.014421,real,3.70002,0.975869,4.677547,-2.531433,4.428473,0.6642506233427076,AST,Attack_2,0.2993598828421351,SPECTR,Attack_2
real_12041,9,3,3,0.5126289703103045,0.4487258342397731,0.876856947318,0.3059875562248617,0.5472816668381056,0.7833349166666667,1.0,0.7833349166666667,0.76475125,0.37990100000000004,0.06647800000000001,0.689596060952381,0.6801610471428571,0.47263499999999997,0.499986,-0.028105333333333333,0.02810599999999999,1.9999999999999995e-06,real,3.897315,0.981153,4.152402,-3.976958,3.720989,0.876856947318,AST,Attack_1,0.3059875562248617,SPECTR,Attack_2
real_12285,9,3,3,0.4804974616037412,0.5002107821864414,0.6780606604097827,0.2423455749879914,0.5109090845135627,0.7276585,1.0,0.7276585,0.756081,0.37733099999999997,0.110507,0.7218555736507937,0.7141931499999999,0.4306872222222222,0.499944,-0.0619348888888889,0.07312222222222221,1.8e-05,real,4.09082,0.995733,4.438764,-3.973103,3.775445,0.6780606604097827,AST,Attack_1,0.2423455749879914,SPECTR,Attack_1
real_12407,9,3,3,0.39209809987426175,0.30253343066317845,0.7312628465207279,0.2346066655917529,0.3958580077432321,0.78919425,1.0,0.78919425,0.7660370000000001,0.21507549999999998,0.07625950000000001,0.4934891787301587,0.4600111971428571,0.49337999999999993,0.493057,-0.006162333333333322,0.007191888888888845,0.006112,real,2.860398,0.647244,2.578928,-3.518458,2.987647,0.7312628465207279,AST,Attack_1,0.2346066655917529,SPECTR,Attack_1
real_12540,9,3,3,0.34942502522409197,0.30690153423332445,0.667512002856,0.0959484685179357,0.4043679379066216,0.7411611666666666,1.0,0.7411611666666666,0.7023315,0.1703695,0.119395,0.5293483455555555,0.4456073828571429,0.4024034444444444,0.476302,-0.06936877777777781,0.09357388888888887,0.049763,real,1.976078,0.969637,1.99085,-3.457365,2.846016,0.667512002856,AST,Attack_1,0.0959484685179357,VGG,Attack_2
real_12741,9,3,3,0.38760767797887014,0.3811819514427035,0.7555808764181577,0.0,0.38970272269592154,0.60726225,0.6666666666666666,0.7204104166666667,0.66959,0.5288824999999999,0.120838,0.601932013968254,0.5485408171428572,0.39413322222222225,0.499936,-0.05261022222222222,0.17472288888888887,0.000149,real,1.913362,0.997979,3.868554,-3.114539,2.852804,0.7555808764181577,AST,Attack_1,0.0,SPECTR,Attack_2
real_12935,9,3,3,0.33885421864793797,0.19816431025153586,0.873200181555,0.1152330084108926,0.3770428878686963,0.7757288333333334,1.0,0.7757288333333334,0.7723427500000001,0.351541,0.09138199999999999,0.4381916388888889,0.3870669014285715,0.427769,0.499285,0.002767666666666687,0.0231021111111111,0.001864,real,2.155234,0.485506,2.343373,-3.988028,3.433386,0.873200181555,AST,Attack_1,0.1152330084108926,SPECTR,Attack_2
real_13270,9,3,3,0.36631565408013583,0.3099777610944784,0.7412042669530637,0.0205638658972401,0.41949585635333425,0.7730034166666666,0.8888888888888888,0.7730034166666666,0.7975875,0.303772,0.063644,0.5368984800000001,0.5176095828571429,0.36378066666666664,0.494953,-0.0006780000000000139,0.11390955555555553,0.016081,real,3.017756,0.621995,2.340066,-1.724114,2.420666,0.7412042669530637,AST,Attack_1,0.0205638658972401,SPECTR,Attack_2
real_13325,9,3,3,0.4348061165611241,0.4328430240234328,0.880926192167,0.0,0.44076412497893847,0.6638928333333333,0.7777777777777778,0.7817477500000001,0.78835375,0.316244,0.062792,0.6734649868253969,0.6646882185714287,0.44832388888888886,0.493214,0.017948111111111092,0.17008522222222217,0.009127,real,3.131791,0.833181,3.853555,-2.593659,3.944426,0.880926192167,AST,Attack_1,0.0,VGG,Attack_2
real_13937,9,3,3,0.6592479446386416,0.6697349292616903,0.8432575093659954,0.4042529061769291,0.6652666181110599,0.7580361666666667,0.8888888888888888,0.7580361666666667,0.7805610000000001,0.2688895,0.1105455,0.8970403574603174,0.9023426614285714,0.49454744444444443,0.499765,-8.544444444445173e-05,0.11160922222222219,0.00101,real,4.352695,0.999085,4.954645,-1.446153,4.618577,0.8432575093659954,AST,Attack_1,0.4042529061769291,SPECTR,Attack_1
real_18998,9,3,3,0.5004294131221924,0.5551450942605505,0.6208505339366096,0.3319785636375589,0.6182960707129835,0.66511575,0.8888888888888888,0.66511575,0.6778277500000001,0.539574,0.14038,0.9447002653968253,0.9276870185714284,0.41468299999999997,0.454277,-0.025535333333333323,0.12886755555555554,0.0159959999999999,real,4.393812,0.999656,4.927966,-0.85728,4.576251,0.6208505339366096,VGG,Attack_2,0.3319785636375589,SPECTR,Attack_2
real_19119,9,3,3,0.4529264254640852,0.4455994965608665,0.927034358192,0.0,0.4599472640745133,0.6610286666666667,0.7777777777777778,0.7989581666666666,0.78546125,0.305357,0.06712850000000001,0.6467687498412698,0.5881553157142856,0.4289808888888889,0.499918,0.004829777777777828,0.12923977777777773,0.000141,real,3.859988,0.83958,3.42752,-3.517087,2.818647,0.927034358192,AST,Attack_1,0.0,SPECTR,Attack_2
real_19284,9,3,3,0.4069180824468466,0.44219851249161235,0.5399398594250365,0.1829844892159416,0.46507294512353176,0.7721939166666667,1.0,0.7721939166666667,0.741071,0.317621,0.065028,0.665041673968254,0.6876902114285715,0.41842866666666667,0.499792,-0.036901666666666645,0.03705766666666665,0.0001039999999999,real,3.731385,0.95652,4.262611,-3.980483,4.16975,0.5399398594250365,VGG,Attack_1,0.1829844892159416,SPECTR,Attack_2
real_19441,9,3,3,0.31664999916756636,0.27936467723928127,0.6930555659875193,0.0108515935986644,0.3769646239097084,0.7535464166666667,0.8888888888888888,0.7535464166666667,0.70081375,0.4753235,0.1295885,0.5341625615873016,0.5402717185714285,0.4378438888888889,0.498667,0.05292144444444448,0.15983677777777774,0.0015589999999999,real,2.376043,0.783174,3.592251,-3.367189,3.319171,0.6930555659875193,AST,Attack_1,0.0108515935986644,SPECTR,Attack_1
real_19597,9,3,3,0.35713987092396376,0.3791604202017737,0.6058976027678745,0.0,0.38575081220109797,0.6385630833333333,0.8888888888888888,0.773307,0.7546317499999999,0.323997,0.06036,0.592654671904762,0.5767692485714286,0.3955821111111111,0.467041,-0.08242444444444444,0.09850666666666666,0.040726,real,3.739741,0.888341,3.285032,-3.983002,3.186073,0.6058976027678745,AST,Attack_1,0.0,SPECTR,Attack_2
real_19661,9,3,3,0.25453966838170394,0.1189023018118929,0.865930152647,0.0519872012710295,0.3020707811867845,0.8099064166666666,1.0,0.8099064166666666,0.8020007499999999,0.2770145,0.055815000000000003,0.31280555460317455,0.1828506624999999,0.4285992222222222,0.487629,-0.0310305555555555,0.07650744444444442,0.012605,real,1.797108,0.299685,1.076638,-3.854511,2.173378,0.865930152647,AST,Attack_1,0.0519872012710295,SPECTR,Attack_2
real_19731,9,3,3,0.29278475699640194,0.23078828484507913,0.580206229624017,0.1446990553707666,0.3258687304490488,0.7948671666666667,1.0,0.7948671666666667,0.785876,0.145639,0.1379685,0.42069601396825396,0.3921324628571428,0.4547023333333333,0.496692,0.030328999999999995,0.04089988888888887,0.014353,real,2.298681,0.637254,2.190264,-3.638031,2.698373,0.580206229624017,VGG,Attack_1,0.1446990553707666,SPECTR,Attack_2
real_20445,9,3,3,0.5401405827404039,0.5770892316853495,0.8671186254059999,0.0720575745825189,0.6269303549265439,0.78802825,1.0,0.78802825,0.8148810000000001,0.267367,0.0725375,0.8144358357142857,0.8168722571428573,0.4387342222222222,0.499695,-0.04629488888888891,0.08527177777777778,0.0248619999999999,real,4.091372,0.945622,4.254098,-1.44641,4.033567,0.8671186254059999,AST,Attack_1,0.0720575745825189,VGG,Attack_2
real_20757,9,3,3,0.47245123580598847,0.4564142085213927,0.8033279471501056,0.152641403429183,0.5217814545844957,0.7814427500000001,1.0,0.7814427500000001,0.785981,0.33485149999999997,0.071018,0.6802707726984126,0.67698786,0.44705133333333336,0.499953,-0.028140666666666665,0.04608733333333332,0.000208,real,4.062633,0.856692,3.376228,-1.987914,2.780654,0.8033279471501056,AST,Attack_1,0.152641403429183,SPECTR,Attack_2
