index,stem,label,label_str,pred_orig,prob_orig,pred_adv,prob_adv,correct_orig,correct_adv,pred_preserved,cos_sim,top10_overlap,delta_linf,pesq,stoi,visqol,peaq,zimtohrli,ok,_file,model,attack,experiment,_folder,cdpam,cos_to_target,cos_orig_adv,top10_overlap_orig,top10_overlap_target,delta_l0_frac,target_mode,sparsity_ratio,fad_dist,kd,pred_preserved_calc,score_shift,abs_score_shift,margin_orig,margin_adv,margin_drop,margin_safety,near_boundary_adv_005,near_boundary_adv_010,near_boundary_adv_custom,cos_sim_norm,top10_overlap_norm,cos_change,top10_change,attribution_change,attr_changed_cos,attr_changed_top10,attr_changed_either,attr_changed_both,pesq_norm,stoi_norm,visqol_norm,peaq_norm,zimtohrli_norm,quality_score,aasr_cos_only,aasr_top10_only,aasr_either,aasr_strict,attribution_attack_success,quality_pass,aasr_quality,afs_simple,afs_quality,afs_stable,accuracy_drop_sample
0,fake_05418_udio_0,1,fake,1,0.999277,1,0.581762,1,1,1,0.242935,0.051342,0.01,3.5838,0.985829,4.06789,-3.831314,2.983393,True,sample_0000_fake_05418_udio_0.json,AST,Attack_1,AST | Attack_1,C:\Users\domin\Downloads\data-100-samples-ast,,,,,,,,,,,1,-0.4175149999999999,0.4175149999999999,0.4992769999999999,0.081762,0.4175149999999999,0.163524,0,1,1,0.242935,0.051342,0.757065,0.948658,0.8528614999999999,1,1,1,1,0.7382285714285715,0.985829,0.7669725000000001,0.0421715,0.5966786,0.6259760342857141,1,1,1,1,1,1,1,0.8528614999999999,0.5338708595649655,0.0873006984395014,0
0,fake_25170_suno_0,1,fake,1,0.999927,1,0.78177,1,1,1,0.034436,0.007791,0.01,4.374336,0.998432,4.976331,-0.403339,4.939245,True,sample_0000_fake_25170_suno_0.json,AST,Attack_1,AST | Attack_1,C:\Users\domin\Downloads\data-100-samples-ast,,,,,,,,,,,1,-0.218157,0.218157,0.499927,0.2817699999999999,0.218157,0.5635399999999999,0,0,0,0.034436,0.007791,0.965564,0.992209,0.9788865,1,1,1,1,0.9640959999999998,0.998432,0.99408275,0.89916525,0.987849,0.9687249999999998,1,1,1,1,1,1,1,0.9788865,0.9482718247124998,0.5343891040984821,0
0,fake_29238_suno_1,1,fake,1,0.999841,1,0.997003,1,1,1,0.036178,0.025995,0.01,4.076977,0.972504,4.650939,-1.401859,4.247784,True,sample_0000_fake_29238_suno_1.json,AST,Attack_1,AST | Attack_1,C:\Users\domin\Downloads\data-100-samples-ast,,,,,,,,,,,1,-0.002838,0.002838,0.499841,0.497003,0.002838,0.994006,0,0,0,0.036178,0.025995,0.963822,0.974005,0.9689135,1,1,1,1,0.8791362857142858,0.972504,0.91273475,0.64953525,0.8495568,0.8526934171428572,1,1,1,1,1,1,1,0.9689135,0.8261861632308457,0.82123400336844,0
0,fake_31014_suno_0,1,fake,1,0.999941,1,0.983152,1,1,1,0.007731,0.018418,0.01,4.461052,0.999208,4.975924,-0.429953,4.951132,True,sample_0000_fake_31014_suno_0.json,AST,Attack_1,AST | Attack_1,C:\Users\domin\Downloads\data-100-samples-ast,,,,,,,,,,,1,-0.0167889999999999,0.0167889999999999,0.4999409999999999,0.483152,0.0167889999999999,0.966304,0,0,0,0.007731,0.018418,0.992269,0.981582,0.9869255,1,1,1,1,0.988872,0.999208,0.993981,0.89251175,0.9902264,0.97295983,1,1,1,1,1,1,1,0.9869255,0.9602388667026648,0.927882657850252,0
0,fake_35261_suno_1,1,fake,1,0.999849,1,0.995197,1,1,1,0.04425,0.011832,0.01,3.9124,0.996568,4.728535,-1.208868,4.391342,True,sample_0000_fake_35261_suno_1.json,AST,Attack_1,AST | Attack_1,C:\Users\domin\Downloads\data-100-samples-ast,,,,,,,,,,,1,-0.0046519999999999,0.0046519999999999,0.499849,0.495197,0.0046519999999999,0.990394,0,0,0,0.04425,0.011832,0.95575,0.988168,0.971959,1,1,1,1,0.8321142857142857,0.996568,0.93213375,0.697783,0.8782684,0.8673734871428571,1,1,1,1,1,1,1,0.971959,0.8430514671898842,0.8349531147960582,0
0,fake_46574_suno_1,1,fake,1,0.999943,1,0.999077,1,1,1,0.110202,0.012591,0.01,4.353907,0.997537,4.90625,-0.820655,4.766504,True,sample_0000_fake_46574_suno_1.json,AST,Attack_1,AST | Attack_1,C:\Users\domin\Downloads\data-100-samples-ast,,,,,,,,,,,1,-0.000866,0.000866,0.499943,0.499077,0.000866,0.998154,0,0,0,0.110202,0.012591,0.889798,0.987409,0.9386035,1,1,1,1,0.958259142857143,0.997537,0.9765625,0.79483625,0.9533008,0.9360991385714286,1,1,1,1,1,1,1,0.9386035,0.8786259278101278,0.8770039843473904,0
0,fake_50637_suno_0,1,fake,1,0.999949,1,0.580124,1,1,1,0.040938,0.012234,0.01,3.458103,0.939533,4.376525,-2.047854,3.874705,True,sample_0000_fake_50637_suno_0.json,AST,Attack_1,AST | Attack_1,C:\Users\domin\Downloads\data-100-samples-ast,,,,,,,,,,,1,-0.419825,0.419825,0.499949,0.0801239999999999,0.419825,0.1602479999999999,0,1,1,0.040938,0.012234,0.959062,0.987766,0.973414,1,1,1,1,0.7023151428571428,0.939533,0.84413125,0.4880365,0.774941,0.7497913785714285,1,1,1,1,1,1,1,0.973414,0.7298574249807285,0.1169581926383117,0
0,real_06994,0,real,0,3.3e-05,0,3.3e-05,1,1,1,0.22855,0.069322,0.01,4.643888,1.0,5.0,0.0,5.0,True,sample_0000_real_06994.json,AST,Attack_1,AST | Attack_1,C:\Users\domin\Downloads\data-100-samples-ast,,,,,,,,,,,1,0.0,0.0,0.499967,0.499967,0.0,0.999934,0,0,0,0.22855,0.069322,0.77145,0.930678,0.851064,1,1,1,1,1.0,1.0,1.0,1.0,1.0,1.0,1,1,1,1,1,1,1,0.851064,0.851064,0.851007829776,0
0,real_19284,0,real,0,0.00014,0,0.000757,1,1,1,0.225589,0.330732,0.01,3.782875,0.966164,4.093919,-3.980483,4.16975,True,sample_0000_real_19284.json,AST,Attack_1,AST | Attack_1,C:\Users\domin\Downloads\data-100-samples-ast,,,,,,,,,,,1,0.0006169999999999,0.0006169999999999,0.49986,0.499243,0.000617,0.998486,0,0,0,0.225589,0.330732,0.774411,0.669268,0.7218395,1,0,1,0,0.7951071428571429,0.966164,0.7734797499999999,0.00487925,0.83395,0.6747160285714285,1,0,1,0,0,1,0,0.7218395,0.4870366807059856,0.4862993071713968,0
1,fake_09896_suno_1,1,fake,1,0.999922,1,0.998645,1,1,1,0.051413,0.014024,0.01,4.473842,0.999377,4.99266,-0.254995,4.92994,True,sample_0001_fake_09896_suno_1.json,AST,Attack_1,AST | Attack_1,C:\Users\domin\Downloads\data-100-samples-ast,,,,,,,,,,,1,-0.0012769999999999,0.0012769999999999,0.499922,0.498645,0.0012769999999999,0.99729,0,0,0,0.051413,0.014024,0.948587,0.985976,0.9672815,1,1,1,1,0.9925262857142858,0.999377,0.998165,0.93625125,0.985988,0.9824615071428572,1,1,1,1,1,1,1,0.9672815,0.9503168403214034,0.9477414816841324,0
1,fake_13581_udio_0,1,fake,1,0.999542,1,0.931504,1,1,1,0.219591,0.025856,0.01,2.908011,0.849814,3.368629,-3.101686,2.845825,True,sample_0001_fake_13581_udio_0.json,AST,Attack_1,AST | Attack_1,C:\Users\domin\Downloads\data-100-samples-ast,,,,,,,,,,,1,-0.068038,0.068038,0.499542,0.431504,0.068038,0.863008,0,0,0,0.219591,0.025856,0.780409,0.974144,0.8772765,1,1,1,1,0.545146,0.849814,0.59215725,0.2245785,0.569165,0.5561721499999999,1,1,1,1,1,0,0,0.8772765,0.4879167571494749,0.421076064754054,0
1,fake_27504_udio_1,1,fake,1,0.999879,1,0.961361,1,1,1,0.074023,0.021893,0.01,4.070899,0.999265,4.978352,-0.51874,4.675975,True,sample_0001_fake_27504_udio_1.json,AST,Attack_1,AST | Attack_1,C:\Users\domin\Downloads\data-100-samples-ast,,,,,,,,,,,1,-0.0385179999999999,0.0385179999999999,0.4998789999999999,0.461361,0.0385179999999999,0.922722,0,0,0,0.074023,0.021893,0.925977,0.978107,0.952042,1,1,1,1,0.8773997142857143,0.999265,0.994588,0.870315,0.935195,0.9353525428571428,1,1,1,1,1,1,1,0.952042,0.8904949056068001,0.8216792402913179,0
1,fake_50028_suno_1,1,fake,1,0.999831,1,0.775111,1,1,1,0.118146,0.050533,0.01,2.498464,0.982539,3.688812,-2.644617,2.946046,True,sample_0001_fake_50028_suno_1.json,AST,Attack_1,AST | Attack_1,C:\Users\domin\Downloads\data-100-samples-ast,,,,,,,,,,,1,-0.22472,0.22472,0.499831,0.275111,0.22472,0.550222,0,0,0,0.118146,0.050533,0.881854,0.949467,0.9156605,1,1,1,1,0.4281325714285713,0.982539,0.672203,0.3388457499999999,0.5892092,0.6021859042857143,1,1,1,1,1,0,0,0.9156605,0.5513978462112092,0.3033912257380239,0
1,real_07265,0,real,0,1.2e-05,0,2e-06,1,1,1,0.160308,0.037221,0.01,4.374547,0.994631,4.736783,-3.971892,4.444496,True,sample_0001_real_07265.json,AST,Attack_1,AST | Attack_1,C:\Users\domin\Downloads\data-100-samples-ast,,,,,,,,,,,1,-1e-05,1e-05,0.499988,0.499998,-1.000000000001e-05,0.999996,0,0,0,0.160308,0.037221,0.839692,0.962779,0.9012355,1,1,1,1,0.9641562857142856,0.994631,0.93419575,0.007027,0.8888992,0.7577818471428571,1,1,1,1,1,1,1,0.9012355,0.6829399019007165,0.6829371701411089,0
1,real_13937,0,real,0,1.2e-05,0,2e-06,1,1,1,0.114952,0.092209,0.01,4.55916,0.998758,4.975455,-1.055036,4.87316,True,sample_0001_real_13937.json,AST,Attack_1,AST | Attack_1,C:\Users\domin\Downloads\data-100-samples-ast,,,,,,,,,,,1,-1e-05,1e-05,0.499988,0.499998,-1.000000000001e-05,0.999996,0,0,0,0.114952,0.092209,0.8850480000000001,0.907791,0.8964195,1,1,1,1,1.0,0.998758,0.99386375,0.7362409999999999,0.974632,0.94069895,1,1,1,1,1,1,1,0.8964195,0.843260882409525,0.8432575093659954,0
2,fake_43253_udio_0,1,fake,1,0.999071,1,0.709607,1,1,1,0.209872,0.04511,0.01,3.136686,0.997101,3.714744,-3.482103,3.011092,True,sample_0002_fake_43253_udio_0.json,AST,Attack_1,AST | Attack_1,C:\Users\domin\Downloads\data-100-samples-ast,,,,,,,,,,,1,-0.289464,0.289464,0.499071,0.209607,0.289464,0.419214,0,0,0,0.209872,0.04511,0.7901279999999999,0.95489,0.872509,1,1,1,1,0.6104817142857143,0.997101,0.678686,0.12947425,0.6022184,0.6035922728571428,1,1,1,1,1,1,1,0.872509,0.5266396903983128,0.2207747311706383,0
2,real_01021,0,real,0,0.000836,0,0.000707,1,1,1,0.304736,0.135474,0.01,4.455547,0.970077,4.492468,-0.968261,4.428525,True,sample_0002_real_01021.json,AST,Attack_1,AST | Attack_1,C:\Users\domin\Downloads\data-100-samples-ast,,,,,,,,,,,1,-0.000129,0.000129,0.499164,0.499293,-0.0001289999999999,0.998586,0,0,0,0.304736,0.135474,0.695264,0.864526,0.779895,1,1,1,1,0.9872991428571428,0.970077,0.8731169999999999,0.75793475,0.885705,0.8948265785714286,1,1,1,1,1,1,1,0.779895,0.6978707744949643,0.6968839852198284,0
2,real_03067,0,real,0,8e-06,0,8e-06,1,1,1,0.050129,0.069848,0.01,4.643888,0.999992,4.99998,-0.001696,4.999976,True,sample_0002_real_03067.json,AST,Attack_1,AST | Attack_1,C:\Users\domin\Downloads\data-100-samples-ast,,,,,,,,,,,1,0.0,0.0,0.499992,0.499992,0.0,0.999984,0,0,0,0.050129,0.069848,0.949871,0.930152,0.9400115,1,1,1,1,1.0,0.999992,0.999995,0.999576,0.9999952,0.99991164,1,1,1,1,1,1,1,0.9400115,0.93992844058386,0.9399134017288104,0
2,real_06665,0,real,0,1e-05,0,2e-06,1,1,1,0.138833,0.061851,0.01,4.477266,0.994968,4.885599,-2.119283,4.814517,True,sample_0002_real_06665.json,AST,Attack_1,AST | Attack_1,C:\Users\domin\Downloads\data-100-samples-ast,,,,,,,,,,,1,-8.000000000000001e-06,8.000000000000001e-06,0.49999,0.499998,-8.000000000008e-06,0.999996,0,0,0,0.138833,0.061851,0.861167,0.938149,0.8996580000000001,1,1,1,1,0.9935045714285716,0.994968,0.97139975,0.47017925,0.9629034,0.8785909942857144,1,1,1,1,1,1,1,0.8996580000000001,0.7904314167370973,0.7904282550114303,0
3,fake_16796_suno_1,1,fake,1,0.999924,1,0.995424,1,1,1,0.036356,0.029573,0.01,4.489289,0.999359,4.987106,-0.290442,4.976659,True,sample_0003_fake_16796_suno_1.json,AST,Attack_1,AST | Attack_1,C:\Users\domin\Downloads\data-100-samples-ast,,,,,,,,,,,1,-0.0045,0.0045,0.499924,0.495424,0.0045,0.990848,0,0,0,0.036356,0.029573,0.963644,0.970427,0.9670355,1,1,1,1,0.9969397142857144,0.999359,0.9967765,0.9273895,0.9953318,0.9831593028571428,1,1,1,1,1,1,1,0.9670355,0.9507499480181084,0.9420486844938468,0
0,fake_05418_udio_0,1,fake,1,0.999277,1,0.988905,1,1,0,0.024063,0.035723,0.01,3.134111,0.982065,3.996902,-3.912632,2.89485,True,sample_0000_fake_05418_udio_0.json,AST,Attack_2,AST | Attack_2,C:\Users\domin\Downloads\pgd_ast,0.076835,,,,,,,,,,1,-0.0103719999999999,0.0103719999999999,0.4992769999999999,0.488905,0.0103719999999999,0.97781,0,0,0,0.024063,0.035723,0.975937,0.964277,0.970107,1,1,1,1,0.609746,0.982065,0.7492255,0.021842,0.57897,0.5883697,1,1,1,1,1,1,1,0.970107,0.5707815645579001,0.5581159216403603,0
0,fake_35261_suno_1,1,fake,1,0.999849,1,0.999925,1,1,1,0.017807,0.01547,0.01,3.823955,0.993056,4.68677,-1.667389,4.188297,True,sample_0000_fake_35261_suno_1.json,AST,Attack_2,AST | Attack_2,C:\Users\domin\Downloads\pgd_ast,0.036736,,,,,,,,,,1,7.599999999996498e-05,7.599999999996498e-05,0.499849,0.4999249999999999,-7.599999999996498e-05,0.99985,0,0,0,0.017807,0.01547,0.982193,0.98453,0.9833615,1,1,1,1,0.8068442857142858,0.993056,0.9216925,0.58315275,0.8376594,0.8284809871428571,1,1,1,1,1,1,1,0.9833615,0.8146963062382807,0.8145741017923449,0
0,fake_43253_udio_0,1,fake,1,0.999071,1,0.990227,1,1,0,0.021828,0.015773,0.01,2.430198,0.99338,3.518334,-3.740326,3.312624,True,sample_0000_fake_43253_udio_0.json,AST,Attack_2,AST | Attack_2,C:\Users\domin\Downloads\pgd_ast,0.153257,,,,,,,,,,1,-0.008844,0.008844,0.499071,0.4902269999999999,0.008844,0.980454,0,0,0,0.021828,0.015773,0.978172,0.984227,0.9811995,1,1,1,1,0.4086279999999999,0.99338,0.6295835,0.0649184999999999,0.6625248,0.55180696,1,1,1,1,1,0,0,0.9811995,0.5414327132485199,0.5308498694353644,0
0,fake_46574_suno_1,1,fake,1,0.999943,1,0.999969,1,1,1,0.029459,0.054302,0.01,4.293662,0.994496,4.842382,-1.188973,4.633409,True,sample_0000_fake_46574_suno_1.json,AST,Attack_2,AST | Attack_2,C:\Users\domin\Downloads\pgd_ast,0.030858,,,,,,,,,,1,2.599999999997049e-05,2.599999999997049e-05,0.499943,0.499969,-2.599999999997049e-05,0.999938,0,0,0,0.029459,0.054302,0.970541,0.945698,0.9581195,1,1,1,1,0.9410462857142858,0.994496,0.9605955,0.70275675,0.9266818,0.9051152671428572,1,1,1,1,1,1,1,0.9581195,0.8672085871972808,0.8671548202648746,0
0,fake_50637_suno_0,1,fake,1,0.999949,1,0.999975,1,1,1,0.015851,0.048845,0.01,3.350847,0.88684,3.749703,-2.547317,3.603706,True,sample_0000_fake_50637_suno_0.json,AST,Attack_2,AST | Attack_2,C:\Users\domin\Downloads\pgd_ast,0.085556,,,,,,,,,,1,2.599999999997049e-05,2.599999999997049e-05,0.499949,0.4999749999999999,-2.599999999997049e-05,0.99995,0,0,0,0.015851,0.048845,0.984149,0.951155,0.967652,1,1,1,1,0.6716705714285715,0.88684,0.68742575,0.36317075,0.7207412,0.6659696542857143,1,1,1,1,1,1,1,0.967652,0.64442686790888,0.6443946465654845,0
0,real_03067,0,real,0,8e-06,0,1e-05,1,1,1,0.016713,0.108042,0.01,3.820953,0.999188,4.863617,-1.225538,4.37342,True,sample_0000_real_03067.json,AST,Attack_2,AST | Attack_2,C:\Users\domin\Downloads\pgd_ast,0.022757,,,,,,,,,,1,2.000000000000001e-06,2.000000000000001e-06,0.499992,0.49999,2.000000000002e-06,0.99998,0,0,0,0.016713,0.108042,0.983287,0.891958,0.9376225,1,1,1,1,0.8059865714285713,0.999188,0.96590425,0.6936154999999999,0.874684,0.8678756642857142,1,1,1,1,1,1,1,0.9376225,0.813739750036732,0.8137234752417313,0
0,real_06665,0,real,0,1e-05,0,4e-06,1,1,1,0.020573,0.05067,0.01,2.752361,0.96223,4.011283,-3.362759,3.751977,True,sample_0000_real_06665.json,AST,Attack_2,AST | Attack_2,C:\Users\domin\Downloads\pgd_ast,0.179244,,,,,,,,,,1,-6.000000000000001e-06,6.000000000000001e-06,0.49999,0.499996,-6.0000000000060005e-06,0.999992,0,0,0,0.020573,0.05067,0.979427,0.94933,0.9643785,1,1,1,1,0.5006745714285714,0.96223,0.7528207499999999,0.15931025,0.7503954,0.6250861942857143,1,1,1,1,1,0,0,0.9643785,0.6028196864159657,0.6028148638584744,0
1,fake_13581_udio_0,1,fake,1,0.999542,1,0.999698,1,1,0,0.047979,0.028571,0.01,2.546526,0.804682,3.187417,-3.474427,3.038123,True,sample_0001_fake_13581_udio_0.json,AST,Attack_2,AST | Attack_2,C:\Users\domin\Downloads\pgd_ast,0.218386,,,,,,,,,,1,0.0001559999999999,0.0001559999999999,0.499542,0.499698,-0.0001559999999999,0.999396,0,0,0,0.047979,0.028571,0.952021,0.971429,0.961725,1,1,1,1,0.4418645714285714,0.804682,0.54685425,0.13139325,0.6076246000000001,0.5064837342857142,1,1,1,1,1,0,0,0.961725,0.4870980693559285,0.4868038621220375,0
1,fake_25170_suno_0,1,fake,1,0.999927,1,0.999944,1,1,1,0.023068,0.082229,0.01,4.37393,0.991527,4.922375,-0.836865,4.90425,True,sample_0001_fake_25170_suno_0.json,AST,Attack_2,AST | Attack_2,C:\Users\domin\Downloads\pgd_ast,0.007008,,,,,,,,,,1,1.7000000000044757e-05,1.7000000000044757e-05,0.499927,0.499944,-1.7000000000044757e-05,0.999888,0,0,0,0.023068,0.082229,0.976932,0.917771,0.9473515,1,1,1,1,0.96398,0.991527,0.98059375,0.79078375,0.98085,0.9415469,1,1,1,1,1,1,1,0.9473515,0.89197586803535,0.8918759667381302,0
1,fake_27504_udio_1,1,fake,1,0.999879,1,0.999891,1,1,0,0.041485,0.042044,0.01,4.030608,0.998366,4.96892,-0.660077,4.695246,True,sample_0001_fake_27504_udio_1.json,AST,Attack_2,AST | Attack_2,C:\Users\domin\Downloads\pgd_ast,0.015938,,,,,,,,,,1,1.2000000000012e-05,1.2000000000012e-05,0.4998789999999999,0.499891,-1.2000000000012e-05,0.999782,0,0,0,0.041485,0.042044,0.958515,0.957956,0.9582355,1,1,1,1,0.865888,0.998366,0.99223,0.8349807499999999,0.9390492,0.92610279,1,1,1,1,1,1,1,0.9582355,0.8874245700270451,0.8872311114707792,0
1,fake_50028_suno_1,1,fake,1,0.999831,1,0.999917,1,1,0,0.020212,0.032653,0.01,1.956496,0.971994,3.534271,-3.079171,2.711631,True,sample_0001_fake_50028_suno_1.json,AST,Attack_2,AST | Attack_2,C:\Users\domin\Downloads\pgd_ast,0.121725,,,,,,,,,,1,8.599999999991947e-05,8.599999999991947e-05,0.499831,0.4999169999999999,-8.599999999991947e-05,0.999834,0,0,0,0.020212,0.032653,0.979788,0.967347,0.9735675,1,1,1,1,0.2732845714285714,0.971994,0.63356775,0.2302072499999999,0.5423262,0.5302759542857143,1,1,1,1,1,0,0,0.9735675,0.5162594351240571,0.5161737360578265,0
1,real_01021,0,real,0,0.000836,0,0.043721,1,1,1,0.014719,0.127147,0.01,2.778996,0.789517,3.020445,-2.880258,2.570075,True,sample_0001_real_01021.json,AST,Attack_2,AST | Attack_2,C:\Users\domin\Downloads\pgd_ast,0.283146,,,,,,,,,,1,0.042885,0.042885,0.499164,0.456279,0.042885,0.912558,0,0,0,0.014719,0.127147,0.985281,0.872853,0.929067,1,1,1,1,0.5082845714285714,0.789517,0.50511125,0.2799355,0.514015,0.5193726642857144,1,1,1,1,1,0,0,0.929067,0.4825320030899357,0.4403384396757456,0
1,real_07265,0,real,0,1.2e-05,0,5e-06,1,1,1,0.020575,0.092999,0.01,2.643321,0.979189,3.929334,-3.991882,2.897943,True,sample_0001_real_07265.json,AST,Attack_2,AST | Attack_2,C:\Users\domin\Downloads\pgd_ast,0.108729,,,,,,,,,,1,-7e-06,7e-06,0.499988,0.499995,-7.000000000034756e-06,0.99999,0,0,0,0.020575,0.092999,0.979425,0.907001,0.943213,1,1,1,1,0.4695202857142856,0.979189,0.7323335,0.0020295,0.5795886,0.5525321771428571,1,1,1,1,1,0,0,0.943213,0.5211555323994457,0.5211503208441217,0
2,fake_09896_suno_1,1,fake,1,0.999922,1,0.999906,1,1,1,0.018411,0.00995,0.01,,0.997191,4.979991,-0.502131,4.935997,True,sample_0002_fake_09896_suno_1.json,AST,Attack_2,AST | Attack_2,C:\Users\domin\Downloads\pgd_ast,0.002866,,,,,,,,,,1,-1.6000000000016e-05,1.6000000000016e-05,0.499922,0.4999059999999999,1.6000000000016e-05,0.999812,0,0,0,0.018411,0.00995,0.981589,0.99005,0.9858195,1,1,1,1,,0.997191,0.99499775,0.87446725,0.9871994,0.96346385,1,1,1,1,1,0,0,0.9858195,0.9498014508750752,0.9496228882023104,0
2,fake_16796_suno_1,1,fake,1,0.999924,1,0.999869,1,1,1,0.029929,0.019405,0.01,4.506538,0.998314,4.977951,-0.474623,4.974589,True,sample_0002_fake_16796_suno_1.json,AST,Attack_2,AST | Attack_2,C:\Users\domin\Downloads\pgd_ast,0.006562,,,,,,,,,,1,-5.500000000002725e-05,5.500000000002725e-05,0.499924,0.499869,5.500000000002725e-05,0.999738,0,0,0,0.029929,0.019405,0.970071,0.980595,0.975333,1,1,1,1,1.0,0.998314,0.99448775,0.8813442499999999,0.9949178,0.9738127599999998,1,1,1,1,1,1,1,0.975333,0.9497917206490798,0.9495428752182696,0
2,fake_29238_suno_1,1,fake,1,0.999841,1,0.999708,1,1,1,0.018274,0.035839,0.01,3.7879,0.936297,4.35124,-2.055522,3.900436,True,sample_0002_fake_29238_suno_1.json,AST,Attack_2,AST | Attack_2,C:\Users\domin\Downloads\pgd_ast,0.048005,,,,,,,,,,1,-0.0001329999999999,0.0001329999999999,0.499841,0.499708,0.0001329999999999,0.999416,0,0,0,0.018274,0.035839,0.981726,0.964161,0.9729435,1,1,1,1,0.7965428571428571,0.936297,0.8378099999999999,0.4861195,0.7800872,0.7673713114285714,1,1,1,1,1,1,1,0.9729435,0.7466089295409042,0.7461729099260523,0
2,fake_31014_suno_0,1,fake,1,0.999941,1,0.999933,1,1,1,0.039232,0.030853,0.01,4.483992,0.99754,4.956013,-0.713886,4.93462,True,sample_0002_fake_31014_suno_0.json,AST,Attack_2,AST | Attack_2,C:\Users\domin\Downloads\pgd_ast,0.006745,,,,,,,,,,1,-8.000000000008e-06,8.000000000008e-06,0.4999409999999999,0.4999329999999999,8.000000000008e-06,0.999866,0,0,0,0.039232,0.030853,0.960768,0.969147,0.9649575,1,1,1,1,0.9954262857142856,0.99754,0.98900325,0.8215285,0.986924,0.958084407142857,1,1,1,1,1,1,1,0.9649575,0.9245107343055534,0.9243868498671564,0
2,real_06994,0,real,0,3.3e-05,0,5e-06,1,1,1,0.011868,0.018651,0.01,1.469228,0.970287,2.950373,-3.738169,3.077186,True,sample_0002_real_06994.json,AST,Attack_2,AST | Attack_2,C:\Users\domin\Downloads\pgd_ast,0.402393,,,,,,,,,,1,-2.8000000000000003e-05,2.8000000000000003e-05,0.499967,0.499995,-2.8000000000028e-05,0.99999,0,0,0,0.011868,0.018651,0.988132,0.981349,0.9847405,1,1,1,1,0.1340651428571428,0.970287,0.48759325,0.0654577499999999,0.6154372,0.4545680685714285,1,1,1,1,1,0,0,0.9847405,0.4476315871290628,0.4476271108131915,0
2,real_13937,0,real,0,1.2e-05,0,5e-05,1,1,1,0.014766,0.040989,0.01,3.964914,0.999179,4.941144,-2.313455,4.618577,True,sample_0002_real_13937.json,AST,Attack_2,AST | Attack_2,C:\Users\domin\Downloads\pgd_ast,0.025109,,,,,,,,,,1,3.8e-05,3.8e-05,0.499988,0.49995,3.799999999998249e-05,0.9999,0,0,0,0.014766,0.040989,0.985234,0.959011,0.9721225,1,1,1,1,0.8471182857142857,0.999179,0.985286,0.42163625,0.9237154,0.8353869871428573,1,1,1,1,1,1,1,0.9721225,0.8120984864087823,0.8120172765601414,0
2,real_19284,0,real,0,0.00014,0,3.6e-05,1,1,1,0.016784,0.014396,0.01,2.065591,0.95652,3.376114,-3.993934,3.648469,True,sample_0002_real_19284.json,AST,Attack_2,AST | Attack_2,C:\Users\domin\Downloads\pgd_ast,0.11972,,,,,,,,,,1,-0.0001039999999999,0.0001039999999999,0.49986,0.499964,-0.0001039999999999,0.999928,0,0,0,0.016784,0.014396,0.983216,0.985604,0.98441,1,1,1,1,0.3044545714285714,0.95652,0.5940285,0.0015165,0.7296938,0.5172426742857142,1,1,1,1,1,0,0,0.98441,0.5091788609936,0.5091422001156085,0
1,fake_50028_suno_1,1,fake,1,0.999831,1,0.999902,1,1,0,,,0.01,2.770736,0.992986,3.941584,-2.442881,3.104196,True,sample_0001_fake_50028_suno_1.json,AST,Attack_3,AST | Attack_3,C:\Users\domin\Downloads\xshift_ast,0.084251,0.199318,0.247628,0.153345,0.086988,0.216142,shift,0.05,0.213722,0.001887,1,7.099999999993223e-05,7.099999999993223e-05,0.499831,0.4999019999999999,-7.099999999993223e-05,0.999804,0,0,0,,,,,,0,0,0,0,0.5059245714285714,0.992986,0.735396,0.38927975,0.6208392,0.6488851042857144,0,0,0,0,0,0,0,,,,0
2,real_03067,0,real,0,8e-06,0,1e-05,1,1,0,,,0.01,4.387369,0.99994,4.992757,-0.298198,4.801433,True,sample_0002_real_03067.json,AST,Attack_3,AST | Attack_3,C:\Users\domin\Downloads\xshift_ast,0.027006,0.331008,0.273661,0.201187,0.18923,0.237335,shift,0.05,0.05243,0.003479,1,2.000000000000001e-06,2.000000000000001e-06,0.499992,0.49999,2.000000000002e-06,0.99998,0,0,0,,,,,,0,0,0,0,0.9678197142857142,0.99994,0.99818925,0.9254505,0.9602866,0.9703372128571428,0,0,0,0,0,1,0,,,,0
3,fake_16796_suno_1,1,fake,1,0.999924,1,0.999851,1,1,0,,,0.01,4.541599,0.999801,4.99466,-0.179533,4.995133,True,sample_0003_fake_16796_suno_1.json,AST,Attack_3,AST | Attack_3,C:\Users\domin\Downloads\xshift_ast,0.003153,0.156544,0.225781,0.136969,0.08863,0.30225,shift,0.05,0.328266,0.269287,1,-7.299999999998974e-05,7.299999999998974e-05,0.499924,0.499851,7.299999999998974e-05,0.999702,0,0,0,,,,,,0,0,0,0,1.0,0.999801,0.998665,0.95511675,0.9990266,0.99052187,0,0,0,0,0,1,0,,,,0
3,fake_35261_suno_1,1,fake,1,0.999849,1,0.853291,1,1,0,,,0.01,4.127967,0.998798,4.875724,-0.848567,4.696662,True,sample_0003_fake_35261_suno_1.json,AST,Attack_3,AST | Attack_3,C:\Users\domin\Downloads\xshift_ast,0.010351,0.176876,0.234518,0.139642,0.09312,0.33887,shift,0.05,0.212727,0.008877,1,-0.1465579999999999,0.1465579999999999,0.499849,0.353291,0.1465579999999999,0.706582,0,0,0,,,,,,0,0,0,0,0.8937048571428571,0.998798,0.968931,0.78785825,0.9393324,0.9177249014285712,0,0,0,0,0,1,0,,,,0
4,fake_27504_udio_1,1,fake,1,0.999879,1,0.999923,1,1,1,,,0.01,4.275778,0.999878,4.996607,-0.187008,4.865223,True,sample_0004_fake_27504_udio_1.json,AST,Attack_3,AST | Attack_3,C:\Users\domin\Downloads\xshift_ast,0.028534,0.126031,0.246313,0.137096,0.078299,0.179833,shift,0.05,0.085492,0.010956,1,4.4000000000044e-05,4.4000000000044e-05,0.4998789999999999,0.499923,-4.4000000000044e-05,0.999846,0,0,0,,,,,,0,0,0,0,0.9359365714285712,0.999878,0.99915175,0.953248,0.9730446,0.9722517842857142,0,0,0,0,0,1,0,,,,0
6,real_19284,0,real,0,0.00014,0,0.000208,1,1,0,,,0.01,3.731385,0.990542,4.599874,-3.930844,4.300817,True,sample_0006_real_19284.json,AST,Attack_3,AST | Attack_3,C:\Users\domin\Downloads\xshift_ast,0.048298,0.329393,0.311929,0.15679,0.166731,0.259735,shift,0.05,0.09849,0.00134,1,6.8e-05,6.8e-05,0.49986,0.499792,6.80000000000125e-05,0.999584,0,0,0,,,,,,0,0,0,0,0.7803957142857143,0.990542,0.8999685,0.017289,0.8601634,0.7096717228571429,0,0,0,0,0,1,0,,,,0
7,real_06994,0,real,0,3.3e-05,0,3.4e-05,1,1,1,,,0.01,3.231319,0.996181,4.499926,-1.753107,3.234164,True,sample_0007_real_06994.json,AST,Attack_3,AST | Attack_3,C:\Users\domin\Downloads\xshift_ast,0.157399,0.287378,0.455497,0.279419,0.164275,0.06829,shift,0.05,0.066764,0.000355,1,9.999999999999972e-07,9.999999999999972e-07,0.499967,0.499966,9.999999999732443e-07,0.999932,0,0,0,,,,,,0,0,0,0,0.6375197142857143,0.996181,0.8749815000000001,0.56172325,0.6468328,0.7434476528571429,0,0,0,0,0,1,0,,,,0
8,fake_29238_suno_1,1,fake,1,0.999841,1,0.999884,1,1,0,,,0.01,4.470281,0.99647,4.909962,-0.670757,4.782644,True,sample_0008_fake_29238_suno_1.json,AST,Attack_3,AST | Attack_3,C:\Users\domin\Downloads\xshift_ast,0.00644,0.163852,0.250093,0.161554,0.119813,0.234179,shift,0.05,0.070583,0.00031,1,4.300000000001525e-05,4.300000000001525e-05,0.499841,0.499884,-4.300000000001525e-05,0.999768,0,0,0,,,,,,0,0,0,0,0.9915088571428572,0.99647,0.9774905,0.83231075,0.9565288,0.9508617814285714,0,0,0,0,0,1,0,,,,0
9,real_13937,0,real,0,1.2e-05,0,5.4e-05,1,1,1,,,0.01,4.580919,0.999908,4.984929,-0.143501,4.744685,True,sample_0009_real_13937.json,AST,Attack_3,AST | Attack_3,C:\Users\domin\Downloads\xshift_ast,0.001682,0.296617,0.471773,0.29639,0.129474,0.061899,shift,0.05,0.095789,0.025635,1,4.2e-05,4.2e-05,0.499988,0.499946,4.199999999998649e-05,0.999892,0,0,0,,,,,,0,0,0,0,1.0,0.999908,0.99623225,0.96412475,0.948937,0.9818404,0,0,0,0,0,1,0,,,,0
10,fake_50637_suno_0,1,fake,1,0.999949,1,0.999921,1,1,0,,,0.01,4.018441,0.984371,4.684441,-1.26835,4.246914,True,sample_0010_fake_50637_suno_0.json,AST,Attack_3,AST | Attack_3,C:\Users\domin\Downloads\xshift_ast,0.029458,0.202763,0.256971,0.168954,0.128281,0.296018,shift,0.05,0.08907,0.000376,1,-2.8000000000028e-05,2.8000000000028e-05,0.499949,0.4999209999999999,2.8000000000028e-05,0.999842,0,0,0,,,,,,0,0,0,0,0.8624117142857143,0.984371,0.92111025,0.6829125,0.8493828000000001,0.860037652857143,0,0,0,0,0,1,0,,,,0
11,real_07265,0,real,0,1.2e-05,0,2.5e-05,1,1,1,,,0.01,3.783745,0.997365,4.447046,-3.379965,3.091306,True,sample_0011_real_07265.json,AST,Attack_3,AST | Attack_3,C:\Users\domin\Downloads\xshift_ast,0.048781,0.289403,0.443674,0.24674,0.210459,0.139476,shift,0.05,0.098951,0.002598,1,1.3e-05,1.3e-05,0.499988,0.499975,1.2999999999985246e-05,0.99995,0,0,0,,,,,,0,0,0,0,0.7953557142857143,0.997365,0.8617615000000001,0.15500875,0.6182612,0.6855504328571429,0,0,0,0,0,1,0,,,,0
12,fake_13581_udio_0,1,fake,1,0.999542,1,0.972667,1,1,0,,,0.01,3.525136,0.890259,3.674051,-2.846195,3.368316,True,sample_0012_fake_13581_udio_0.json,AST,Attack_3,AST | Attack_3,C:\Users\domin\Downloads\xshift_ast,0.123616,0.211744,0.224591,0.106555,0.079703,0.361024,shift,0.05,0.153585,0.001132,1,-0.026875,0.026875,0.499542,0.4726669999999999,0.026875,0.945334,0,0,0,,,,,,0,0,0,0,0.7214674285714285,0.890259,0.66851275,0.28845125,0.6736632,0.6484707257142858,0,0,0,0,0,1,0,,,,0
14,fake_46574_suno_1,1,fake,1,0.999943,1,0.999863,1,1,0,,,0.01,4.49121,0.999263,4.981166,-0.503691,4.931293,True,sample_0014_fake_46574_suno_1.json,AST,Attack_3,AST | Attack_3,C:\Users\domin\Downloads\xshift_ast,0.00787,0.237479,0.301404,0.164953,0.079768,0.126864,shift,0.05,0.166044,0.010113,1,-8.000000000008001e-05,8.000000000008001e-05,0.499943,0.4998629999999999,8.000000000008001e-05,0.999726,0,0,0,,,,,,0,0,0,0,0.9974885714285714,0.999263,0.9952915,0.87407725,0.9862586,0.9704757842857143,0,0,0,0,0,1,0,,,,0
15,fake_09896_suno_1,1,fake,1,0.999922,1,0.999888,1,1,0,,,0.01,4.565836,0.999794,4.998926,-0.121451,4.994197,True,sample_0015_fake_09896_suno_1.json,AST,Attack_3,AST | Attack_3,C:\Users\domin\Downloads\xshift_ast,0.001269,0.200147,0.206325,0.102028,0.09605,0.256152,shift,0.05,0.10439,0.022339,1,-3.399999999997849e-05,3.399999999997849e-05,0.499922,0.499888,3.399999999997849e-05,0.999776,0,0,0,,,,,,0,0,0,0,1.0,0.999794,0.9997315,0.96963725,0.9988394,0.99360043,0,0,0,0,0,1,0,,,,0
15,fake_43253_udio_0,1,fake,1,0.999071,1,0.967343,1,1,0,,,0.01,4.469907,0.999313,4.853397,-0.660641,3.974056,True,sample_0015_fake_43253_udio_0.json,AST,Attack_3,AST | Attack_3,C:\Users\domin\Downloads\xshift_ast,0.004645,0.148963,0.233096,0.12602,0.075657,0.224834,shift,0.05,0.08164,0.000913,1,-0.031728,0.031728,0.499071,0.4673429999999999,0.031728,0.934686,0,0,0,,,,,,0,0,0,0,0.991402,0.999313,0.96334925,0.83483975,0.7948112,0.91674304,0,0,0,0,0,1,0,,,,0
16,fake_25170_suno_0,1,fake,1,0.999927,1,0.999927,1,1,0,,,0.01,4.48531,0.999288,4.990861,-0.302913,4.981357,True,sample_0016_fake_25170_suno_0.json,AST,Attack_3,AST | Attack_3,C:\Users\domin\Downloads\xshift_ast,0.00226,0.236421,0.282173,0.199155,0.157504,0.194759,shift,0.05,0.240011,0.034424,1,0.0,0.0,0.499927,0.499927,0.0,0.999854,0,0,0,,,,,,0,0,0,0,0.9958028571428572,0.999288,0.99771525,0.92427175,0.9962714,0.9826698514285714,0,0,0,0,0,1,0,,,,0
16,real_06665,0,real,0,1e-05,0,1.1e-05,1,1,1,,,0.01,4.089422,0.971063,4.630192,-0.629295,3.690815,True,sample_0016_real_06665.json,AST,Attack_3,AST | Attack_3,C:\Users\domin\Downloads\xshift_ast,0.06664,0.272101,0.459101,0.283816,0.122376,0.109442,shift,0.05,0.042602,0.001297,1,9.99999999999999e-07,9.99999999999999e-07,0.49999,0.499989,9.999999999732443e-07,0.999978,0,0,0,,,,,,0,0,0,0,0.8826919999999999,0.971063,0.907548,0.84267625,0.738163,0.86842845,0,0,0,0,0,1,0,,,,0
21,real_01021,0,real,0,0.000836,0,0.000294,1,1,1,,,0.01,3.388122,0.842011,3.253882,-1.94812,2.842531,True,sample_0021_real_01021.json,AST,Attack_3,AST | Attack_3,C:\Users\domin\Downloads\xshift_ast,0.101605,0.294803,0.286915,0.235346,0.229361,0.200738,shift,0.05,0.150538,0.001591,1,-0.000542,0.000542,0.499164,0.499706,-0.0005419999999999,0.999412,0,0,0,,,,,,0,0,0,0,0.6823205714285715,0.842011,0.5634705,0.5129699999999999,0.5685062000000001,0.6338556542857143,0,0,0,0,0,0,0,,,,0
23,fake_31014_suno_0,1,fake,1,0.999941,1,0.999909,1,1,0,,,0.01,4.557063,0.999804,4.995378,-0.206374,4.9928,True,sample_0023_fake_31014_suno_0.json,AST,Attack_3,AST | Attack_3,C:\Users\domin\Downloads\xshift_ast,0.00191,0.231646,0.341429,0.116904,0.07235,0.241162,shift,0.05,0.132667,0.016449,1,-3.199999999992098e-05,3.199999999992098e-05,0.4999409999999999,0.499909,3.199999999992098e-05,0.999818,0,0,0,,,,,,0,0,0,0,1.0,0.999804,0.9988445,0.9484065,0.99856,0.989123,0,0,0,0,0,1,0,,,,0
24,fake_05418_udio_0,1,fake,1,0.999277,1,0.996772,1,1,0,,,0.01,4.24469,0.998227,4.55075,-1.626867,2.599685,True,sample_0024_fake_05418_udio_0.json,AST,Attack_3,AST | Attack_3,C:\Users\domin\Downloads\xshift_ast,0.015977,0.199697,0.220719,0.143253,0.117868,0.220374,shift,0.05,0.085432,0.000454,1,-0.0025049999999999,0.0025049999999999,0.4992769999999999,0.496772,0.0025049999999999,0.993544,0,0,0,,,,,,0,0,0,0,0.9270542857142858,0.998227,0.8876875,0.59328325,0.519937,0.7852378071428572,0,0,0,0,0,1,0,,,,0
1,fake_50028_suno_1,1,fake,1,1.0,1,0.999999,1,1,1,0.054846,0.579947,0.01,4.428142,0.999908,4.999984,-0.052948,4.990042,True,sample_0001_fake_50028_suno_1.json,VGG,Attack_1,VGG | Attack_1,C:\Users\domin\Downloads\data-100-samples-vggish,,,,,,,,,,,1,-1.0000000000287557e-06,1.0000000000287557e-06,0.5,0.4999989999999999,1.0000000000287557e-06,0.999998,0,0,0,0.054846,0.579947,0.945154,0.420053,0.6826035,1,0,1,0,0.9794691428571428,0.999908,0.999996,0.986763,0.9980084,0.9928289085714284,1,0,1,0,0,1,0,0.6826035,0.6777084878920371,0.6777071324750613,0
2,real_03067,0,real,0,1e-06,0,0.0,1,1,1,0.412986,0.159412,0.01,4.288406,0.998403,4.865729,-1.009908,4.502339,True,sample_0002_real_03067.json,VGG,Attack_1,VGG | Attack_1,C:\Users\domin\Downloads\data-100-samples-vggish,,,,,,,,,,,1,-1e-06,1e-06,0.499999,0.5,-9.999999999732443e-07,1.0,0,0,0,0.412986,0.159412,0.5870139999999999,0.840588,0.7138009999999999,0,1,1,0,0.9395445714285716,0.998403,0.96643225,0.7475229999999999,0.9004678,0.9104741242857144,0,1,1,0,0,1,0,0.7138009999999999,0.649897340389267,0.649897340389267,0
3,fake_16796_suno_1,1,fake,1,1.0,1,1.0,1,1,1,0.049909,0.427907,0.01,4.58802,0.999953,4.999993,-0.014297,4.999014,True,sample_0003_fake_16796_suno_1.json,VGG,Attack_1,VGG | Attack_1,C:\Users\domin\Downloads\data-100-samples-vggish,,,,,,,,,,,1,0.0,0.0,0.5,0.5,0.0,1.0,0,0,0,0.049909,0.427907,0.950091,0.572093,0.761092,1,0,1,0,1.0,0.999953,0.99999825,0.99642575,0.9998028,0.99923596,1,0,1,0,0,1,0,0.761092,0.76051049526832,0.76051049526832,0
3,fake_35261_suno_1,1,fake,1,1.0,1,1.0,1,1,1,0.048611,0.900963,0.01,4.643888,1.0,5.0,0.0,5.0,True,sample_0003_fake_35261_suno_1.json,VGG,Attack_1,VGG | Attack_1,C:\Users\domin\Downloads\data-100-samples-vggish,,,,,,,,,,,1,0.0,0.0,0.5,0.5,0.0,1.0,0,0,0,0.048611,0.900963,0.951389,0.099037,0.525213,1,0,1,0,1.0,1.0,1.0,1.0,1.0,1.0,1,0,1,0,0,1,0,0.525213,0.525213,0.525213,0
4,fake_27504_udio_1,1,fake,1,1.0,1,1.0,1,1,1,0.069523,0.488038,0.01,4.643888,1.0,5.0,0.0,5.0,True,sample_0004_fake_27504_udio_1.json,VGG,Attack_1,VGG | Attack_1,C:\Users\domin\Downloads\data-100-samples-vggish,,,,,,,,,,,1,0.0,0.0,0.5,0.5,0.0,1.0,0,0,0,0.069523,0.488038,0.930477,0.511962,0.7212195,1,0,1,0,1.0,1.0,1.0,1.0,1.0,1.0,1,0,1,0,0,1,0,0.7212195,0.7212195,0.7212195,0
6,real_19284,0,real,0,0.0,0,1.7e-05,1,1,1,0.350311,0.145208,0.01,4.072103,0.954284,4.36462,-3.9796,4.553586,True,sample_0006_real_19284.json,VGG,Attack_1,VGG | Attack_1,C:\Users\domin\Downloads\data-100-samples-vggish,,,,,,,,,,,1,1.7e-05,1.7e-05,0.5,0.499983,1.6999999999989246e-05,0.999966,0,0,0,0.350311,0.145208,0.649689,0.854792,0.7522405,1,1,1,1,0.8777437142857144,0.954284,0.8411550000000001,0.0050999999999999,0.9107172,0.717799982857143,1,1,1,1,1,1,1,0.7522405,0.5399582180044487,0.5399398594250365,0
7,real_06994,0,real,0,0.141159,0,0.0,1,1,1,0.47352,0.153451,0.01,3.028341,0.97995,4.036414,-3.022,3.815156,True,sample_0007_real_06994.json,VGG,Attack_1,VGG | Attack_1,C:\Users\domin\Downloads\data-100-samples-vggish,,,,,,,,,,,1,-0.141159,0.141159,0.3588409999999999,0.5,-0.141159,1.0,0,0,0,0.47352,0.153451,0.5264800000000001,0.846549,0.6865145,0,1,1,0,0.5795260000000001,0.97995,0.7591034999999999,0.2445,0.7630312,0.66522214,0,1,1,0,0,1,0,0.6865145,0.45668464483103,0.45668464483103,0
8,fake_29238_suno_1,1,fake,1,1.0,1,1.0,1,1,1,0.024648,0.637926,0.01,4.643888,1.0,5.0,0.0,5.0,True,sample_0008_fake_29238_suno_1.json,VGG,Attack_1,VGG | Attack_1,C:\Users\domin\Downloads\data-100-samples-vggish,,,,,,,,,,,1,0.0,0.0,0.5,0.5,0.0,1.0,0,0,0,0.024648,0.637926,0.975352,0.362074,0.668713,1,0,1,0,1.0,1.0,1.0,1.0,1.0,1.0,1,0,1,0,0,1,0,0.668713,0.668713,0.668713,0
9,real_13937,0,real,0,0.00101,0,0.0,1,1,1,0.318517,0.23719,0.01,4.426458,0.998307,4.954645,-1.446153,4.688178,True,sample_0009_real_13937.json,VGG,Attack_1,VGG | Attack_1,C:\Users\domin\Downloads\data-100-samples-vggish,,,,,,,,,,,1,-0.00101,0.00101,0.49899,0.5,-0.00101,1.0,0,0,0,0.318517,0.23719,0.6814830000000001,0.76281,0.7221465,1,1,1,1,0.978988,0.998307,0.98866125,0.63846175,0.9376356,0.9084107200000002,1,1,1,1,1,1,1,0.7221465,0.6560056220104802,0.6560056220104802,0
10,fake_50637_suno_0,1,fake,1,1.0,1,1.0,1,1,1,0.046223,0.928603,0.01,4.643888,1.0,5.0,0.0,5.0,True,sample_0010_fake_50637_suno_0.json,VGG,Attack_1,VGG | Attack_1,C:\Users\domin\Downloads\data-100-samples-vggish,,,,,,,,,,,1,0.0,0.0,0.5,0.5,0.0,1.0,0,0,0,0.046223,0.928603,0.953777,0.071397,0.512587,1,0,1,0,1.0,1.0,1.0,1.0,1.0,1.0,1,0,1,0,0,1,0,0.512587,0.512587,0.512587,0
11,real_07265,0,real,0,0.043829,0,0.0,1,1,1,0.367677,0.213298,0.01,3.936202,0.980819,4.3307,-3.975876,3.61659,True,sample_0011_real_07265.json,VGG,Attack_1,VGG | Attack_1,C:\Users\domin\Downloads\data-100-samples-vggish,,,,,,,,,,,1,-0.043829,0.043829,0.456171,0.5,-0.043829,1.0,0,0,0,0.367677,0.213298,0.632323,0.786702,0.7095125,1,1,1,1,0.8389148571428572,0.980819,0.832675,0.006031,0.723318,0.6763515714285715,1,1,1,1,1,1,1,0.7095125,0.4798798943232143,0.4798798943232143,0
12,fake_13581_udio_0,1,fake,1,0.954369,1,0.857435,1,1,1,0.215543,0.285655,0.01,4.538224,0.980081,4.695247,-0.587039,4.543305,True,sample_0012_fake_13581_udio_0.json,VGG,Attack_1,VGG | Attack_1,C:\Users\domin\Downloads\data-100-samples-vggish,,,,,,,,,,,1,-0.096934,0.096934,0.454369,0.3574349999999999,0.096934,0.7148699999999999,0,0,0,0.215543,0.285655,0.784457,0.714345,0.749401,1,1,1,1,1.0,0.980081,0.92381175,0.85324025,0.908661,0.9331588,1,1,1,1,1,1,1,0.749401,0.6993101378787999,0.4999158382654176,0
14,fake_46574_suno_1,1,fake,1,1.0,1,1.0,1,1,1,0.062723,0.81774,0.01,4.643888,1.0,5.0,0.0,5.0,True,sample_0014_fake_46574_suno_1.json,VGG,Attack_1,VGG | Attack_1,C:\Users\domin\Downloads\data-100-samples-vggish,,,,,,,,,,,1,0.0,0.0,0.5,0.5,0.0,1.0,0,0,0,0.062723,0.81774,0.937277,0.1822599999999999,0.5597685,1,0,1,0,1.0,1.0,1.0,1.0,1.0,1.0,1,0,1,0,0,1,0,0.5597685,0.5597685,0.5597685,0
15,fake_09896_suno_1,1,fake,1,1.0,1,1.0,1,1,1,0.063458,0.413661,0.01,4.580269,0.999911,4.999996,-0.017649,4.998247,True,sample_0015_fake_09896_suno_1.json,VGG,Attack_1,VGG | Attack_1,C:\Users\domin\Downloads\data-100-samples-vggish,,,,,,,,,,,1,0.0,0.0,0.5,0.5,0.0,1.0,0,0,0,0.063458,0.413661,0.936542,0.5863389999999999,0.7614405,1,0,1,0,1.0,0.999911,0.999999,0.99558775,0.9996494,0.99902943,1,0,1,0,0,1,0,0.7614405,0.7607014686939149,0.7607014686939149,0
15,fake_43253_udio_0,1,fake,1,1.0,1,1.0,1,1,1,0.060181,0.62742,0.01,4.566687,0.999785,4.996147,-0.045194,4.87763,True,sample_0015_fake_43253_udio_0.json,VGG,Attack_1,VGG | Attack_1,C:\Users\domin\Downloads\data-100-samples-vggish,,,,,,,,,,,1,0.0,0.0,0.5,0.5,0.0,1.0,0,0,0,0.060181,0.62742,0.939819,0.37258,0.6561995,1,0,1,0,1.0,0.999785,0.99903675,0.9887015,0.975526,0.99260985,1,0,1,0,0,1,0,0.6561995,0.651350087265075,0.651350087265075,0
16,fake_25170_suno_0,1,fake,1,1.0,1,1.0,1,1,1,0.083623,0.794618,0.01,4.643888,1.0,5.0,0.0,5.0,True,sample_0016_fake_25170_suno_0.json,VGG,Attack_1,VGG | Attack_1,C:\Users\domin\Downloads\data-100-samples-vggish,,,,,,,,,,,1,0.0,0.0,0.5,0.5,0.0,1.0,0,0,0,0.083623,0.794618,0.916377,0.2053819999999999,0.5608795,1,0,1,0,1.0,1.0,1.0,1.0,1.0,1.0,1,0,1,0,0,1,0,0.5608795,0.5608795,0.5608795,0
16,real_06665,0,real,0,9.7e-05,0,0.325591,1,1,1,0.506254,0.123902,0.01,4.411396,0.994252,4.835469,-2.239455,4.762174,True,sample_0016_real_06665.json,VGG,Attack_1,VGG | Attack_1,C:\Users\domin\Downloads\data-100-samples-vggish,,,,,,,,,,,1,0.325494,0.325494,0.499903,0.1744089999999999,0.325494,0.3488179999999999,0,0,0,0.506254,0.123902,0.493746,0.876098,0.684922,0,1,1,0,0.9746845714285712,0.994252,0.95886725,0.44013625,0.9524348,0.8640749742857142,0,1,1,0,0,1,0,0.684922,0.5918239595377199,0.2064388499180283,0
21,real_01021,0,real,0,0.0,0,0.0,1,1,1,0.525911,0.196183,0.01,4.285009,0.962974,4.43358,-0.871611,4.248574,True,sample_0021_real_01021.json,VGG,Attack_1,VGG | Attack_1,C:\Users\domin\Downloads\data-100-samples-vggish,,,,,,,,,,,1,0.0,0.0,0.5,0.5,0.0,1.0,0,0,0,0.525911,0.196183,0.474089,0.803817,0.638953,0,1,1,0,0.938574,0.962974,0.858395,0.78209725,0.8497147999999999,0.8783510099999999,0,1,1,0,0,1,0,0.638953,0.5612250128925299,0.5612250128925299,0
23,fake_31014_suno_0,1,fake,1,1.0,1,1.0,1,1,1,0.036136,0.487884,0.01,4.630702,1.0,4.999999,-0.000198,5.0,True,sample_0023_fake_31014_suno_0.json,VGG,Attack_1,VGG | Attack_1,C:\Users\domin\Downloads\data-100-samples-vggish,,,,,,,,,,,1,0.0,0.0,0.5,0.5,0.0,1.0,0,0,0,0.036136,0.487884,0.963864,0.512116,0.73799,1,0,1,0,1.0,1.0,0.99999975,0.9999505,1.0,0.99999005,1,0,1,0,0,1,0,0.73799,0.7379826569994999,0.7379826569994999,0
24,fake_05418_udio_0,1,fake,1,1.0,1,1.0,1,1,1,0.068791,0.455993,0.01,4.566835,0.999995,4.996159,-0.030957,4.896427,True,sample_0024_fake_05418_udio_0.json,VGG,Attack_1,VGG | Attack_1,C:\Users\domin\Downloads\data-100-samples-vggish,,,,,,,,,,,1,0.0,0.0,0.5,0.5,0.0,1.0,0,0,0,0.068791,0.455993,0.931209,0.544007,0.737608,1,0,1,0,1.0,0.999995,0.99903975,0.99226075,0.9792854,0.99411618,1,0,1,0,0,1,0,0.737608,0.7332680472974401,0.7332680472974401,0
1,fake_50028_suno_1,1,fake,1,1.0,1,1.0,1,1,1,0.448563,0.084966,0.01,2.05562,0.97934,3.585501,-3.056618,2.59022,True,sample_0001_fake_50028_suno_1.json,VGG,Attack_2,VGG | Attack_2,C:\Users\domin\Downloads\pgd_vggish,0.137746,,,,,,,,0.673963,0.118595,1,0.0,0.0,0.5,0.5,0.0,1.0,0,0,0,0.448563,0.084966,0.551437,0.915034,0.7332354999999999,0,1,1,0,0.3016057142857142,0.97934,0.64637525,0.2358455,0.518044,0.5362420928571427,0,1,1,0,0,0,0,0.7332354999999999,0.3931917390771534,0.3931917390771534,0
2,real_03067,0,real,0,1e-06,0,0.0,1,1,0,0.513205,0.097398,0.01,4.129457,0.99924,4.876213,-1.368863,4.414457,True,sample_0002_real_03067.json,VGG,Attack_2,VGG | Attack_2,C:\Users\domin\Downloads\pgd_vggish,0.039301,,,,,,,,0.523268,0.489502,1,-1e-06,1e-06,0.499999,0.5,-9.999999999732443e-07,1.0,0,0,0,0.513205,0.097398,0.486795,0.902602,0.6946985,0,1,1,0,0.8941305714285716,0.99924,0.96905325,0.65778425,0.8828913999999999,0.8806198942857144,0,1,1,0,0,1,0,0.6946985,0.6117653196304443,0.6117653196304443,0
3,fake_16796_suno_1,1,fake,1,1.0,1,1.0,1,1,1,0.524557,0.102085,0.01,4.492625,0.998207,4.970269,-0.457216,4.96706,True,sample_0003_fake_16796_suno_1.json,VGG,Attack_2,VGG | Attack_2,C:\Users\domin\Downloads\pgd_vggish,0.0105,,,,,,,,0.464389,1.075317,1,0.0,0.0,0.5,0.5,0.0,1.0,0,0,0,0.524557,0.102085,0.4754429999999999,0.897915,0.686679,0,1,1,0,0.9978928571428572,0.998207,0.99256725,0.885696,0.993412,0.9735550214285714,0,1,1,0,0,1,0,0.686679,0.6685197885595501,0.6685197885595501,0
3,fake_35261_suno_1,1,fake,1,1.0,1,1.0,1,1,1,0.47459,0.08707,0.01,3.452239,0.989173,4.549727,-1.76806,3.972446,True,sample_0003_fake_35261_suno_1.json,VGG,Attack_2,VGG | Attack_2,C:\Users\domin\Downloads\pgd_vggish,0.047412,,,,,,,,0.793184,0.22678,1,0.0,0.0,0.5,0.5,0.0,1.0,0,0,0,0.47459,0.08707,0.5254099999999999,0.91293,0.71917,0,1,1,0,0.7006397142857143,0.989173,0.88743175,0.557985,0.7944892,0.7859437328571428,0,1,1,0,0,1,0,0.71917,0.5652271543588714,0.5652271543588714,0
4,fake_27504_udio_1,1,fake,1,1.0,1,1.0,1,1,1,0.449766,0.093723,0.01,4.088714,0.997632,4.961481,-0.826083,4.702653,True,sample_0004_fake_27504_udio_1.json,VGG,Attack_2,VGG | Attack_2,C:\Users\domin\Downloads\pgd_vggish,0.0245,,,,,,,,0.47772,1.297974,1,0.0,0.0,0.5,0.5,0.0,1.0,0,0,0,0.449766,0.093723,0.550234,0.906277,0.7282555,0,1,1,0,0.8824897142857144,0.997632,0.99037025,0.79347925,0.9405306,0.9209003628571428,0,1,1,0,0,1,0,0.7282555,0.6706507542027099,0.6706507542027099,0
6,real_19284,0,real,0,0.0,0,0.0,1,1,0,0.492065,0.048132,0.01,2.328571,0.943649,3.472875,-3.993616,3.920046,True,sample_0006_real_19284.json,VGG,Attack_2,VGG | Attack_2,C:\Users\domin\Downloads\pgd_vggish,0.172758,,,,,,,,0.622388,0.314201,1,0.0,0.0,0.5,0.5,0.0,1.0,0,0,0,0.492065,0.048132,0.507935,0.951868,0.7299015,0,1,1,0,0.3795917142857143,0.943649,0.61821875,0.001596,0.7840092000000001,0.545412932857143,0,1,1,0,0,0,0,0.7299015,0.3980977178118279,0.3980977178118279,0
7,real_06994,0,real,0,0.141159,0,0.34493,1,1,1,0.498704,0.111545,0.01,1.524812,0.972531,3.043913,-3.711693,3.019316,True,sample_0007_real_06994.json,VGG,Attack_2,VGG | Attack_2,C:\Users\domin\Downloads\pgd_vggish,0.366609,,,,,,,,0.435121,0.359741,1,0.203771,0.203771,0.3588409999999999,0.1550699999999999,0.2037709999999999,0.3101399999999999,0,0,0,0.498704,0.111545,0.501296,0.888455,0.6948755,0,1,1,0,0.1499462857142857,0.972531,0.51097825,0.07207675,0.6038631999999999,0.4618790971428572,0,1,1,0,0,0,0,0.6948755,0.3209484685666914,0.0995389580412736,0
8,fake_29238_suno_1,1,fake,1,1.0,1,1.0,1,1,1,0.501001,0.132601,0.01,3.192713,0.915263,4.301127,-2.069419,3.783591,True,sample_0008_fake_29238_suno_1.json,VGG,Attack_2,VGG | Attack_2,C:\Users\domin\Downloads\pgd_vggish,0.043405,,,,,,,,0.653424,0.355156,1,0.0,0.0,0.5,0.5,0.0,1.0,0,0,0,0.501001,0.132601,0.4989989999999999,0.867399,0.683199,0,1,1,0,0.6264894285714285,0.915263,0.82528175,0.48264525,0.7567182,0.7212795257142857,0,1,1,0,0,1,0,0.683199,0.4927774506884742,0.4927774506884742,0
9,real_13937,0,real,0,0.00101,0,0.000235,1,1,0,0.566088,0.118304,0.01,4.014069,0.999085,4.946623,-2.184925,4.656126,True,sample_0009_real_13937.json,VGG,Attack_2,VGG | Attack_2,C:\Users\domin\Downloads\pgd_vggish,0.025473,,,,,,,,0.290788,0.241699,1,-0.000775,0.000775,0.49899,0.499765,-0.000775,0.99953,0,0,0,0.566088,0.118304,0.4339119999999999,0.881696,0.657804,0,1,1,0,0.8611625714285714,0.999085,0.98665575,0.45376875,0.9312252,0.8463794542857143,0,1,1,0,0,1,0,0.657804,0.55675179054696,0.556490117205403,0
10,fake_50637_suno_0,1,fake,1,1.0,1,1.0,1,1,1,0.478305,0.106177,0.01,3.075228,0.866968,3.828391,-2.666134,3.663488,True,sample_0010_fake_50637_suno_0.json,VGG,Attack_2,VGG | Attack_2,C:\Users\domin\Downloads\pgd_vggish,0.126978,,,,,,,,0.814583,0.166203,1,0.0,0.0,0.5,0.5,0.0,1.0,0,0,0,0.478305,0.106177,0.521695,0.893823,0.707759,0,1,1,0,0.5929222857142857,0.866968,0.70709775,0.3334665,0.7326976000000001,0.6466304271428571,0,1,1,0,0,1,0,0.707759,0.4576585044842014,0.4576585044842014,0
11,real_07265,0,real,0,0.043829,0,0.050538,1,1,0,0.567428,0.148654,0.01,2.70507,0.98366,3.924519,-3.990958,2.961214,True,sample_0011_real_07265.json,VGG,Attack_2,VGG | Attack_2,C:\Users\domin\Downloads\pgd_vggish,0.091104,,,,,,,,0.356144,0.328857,1,0.006709,0.006709,0.456171,0.449462,0.0067089999999999,0.8989240000000001,0,0,0,0.567428,0.148654,0.4325719999999999,0.8513459999999999,0.641959,0,1,1,0,0.4871628571428572,0.98366,0.73112975,0.0022604999999999,0.5922428,0.5592911814285715,0,1,1,0,0,0,0,0.641959,0.3590420075387043,0.3227514775847222,0
12,fake_13581_udio_0,1,fake,1,0.954369,1,0.975024,1,1,0,0.524392,0.076746,0.01,2.576101,0.794038,3.095558,-3.442591,2.959555,True,sample_0012_fake_13581_udio_0.json,VGG,Attack_2,VGG | Attack_2,C:\Users\domin\Downloads\pgd_vggish,0.225507,,,,,,,,0.705164,0.082024,1,0.0206549999999999,0.0206549999999999,0.454369,0.475024,-0.0206549999999999,0.950048,0,0,0,0.524392,0.076746,0.475608,0.923254,0.699431,0,1,1,0,0.4503145714285714,0.794038,0.5238895,0.1393522499999999,0.591911,0.4999010642857143,0,1,1,0,0,0,0,0.699431,0.3496463012944214,0.3321807692521625,0
14,fake_46574_suno_1,1,fake,1,1.0,1,1.0,1,1,1,0.458492,0.130336,0.01,3.861975,0.990491,4.778896,-1.295717,4.477655,True,sample_0014_fake_46574_suno_1.json,VGG,Attack_2,VGG | Attack_2,C:\Users\domin\Downloads\pgd_vggish,0.017794,,,,,,,,0.78236,0.306797,1,0.0,0.0,0.5,0.5,0.0,1.0,0,0,0,0.458492,0.130336,0.541508,0.869664,0.705586,0,1,1,0,0.8177071428571429,0.990491,0.944724,0.67607075,0.8955310000000001,0.8649047785714286,0,1,1,0,0,1,0,0.705586,0.6102647030931,0.6102647030931,0
15,fake_09896_suno_1,1,fake,1,1.0,1,1.0,1,1,1,0.480893,0.061681,0.01,,0.997272,4.977205,-0.511468,4.912291,True,sample_0015_fake_09896_suno_1.json,VGG,Attack_2,VGG | Attack_2,C:\Users\domin\Downloads\pgd_vggish,0.006796,,,,,,,,0.668213,1.066193,1,0.0,0.0,0.5,0.5,0.0,1.0,0,0,0,0.480893,0.061681,0.519107,0.938319,0.7287129999999999,0,1,1,0,,0.997272,0.99430125,0.872133,0.9824582,0.9615411125,0,1,1,0,0,0,0,0.7287129999999999,0.7006875087132124,0.7006875087132124,0
15,fake_43253_udio_0,1,fake,1,1.0,1,1.0,1,1,0,0.470704,0.093026,0.01,2.760241,0.996133,3.437264,-3.739463,3.453666,True,sample_0015_fake_43253_udio_0.json,VGG,Attack_2,VGG | Attack_2,C:\Users\domin\Downloads\pgd_vggish,0.225139,,,,,,,,0.725605,0.554916,1,0.0,0.0,0.5,0.5,0.0,1.0,0,0,0,0.470704,0.093026,0.529296,0.906974,0.718135,0,1,1,0,0.5029260000000001,0.996133,0.609316,0.0651342499999999,0.6907332,0.5728484899999999,0,1,1,0,0,0,0,0.718135,0.4113825503661499,0.4113825503661499,0
16,fake_25170_suno_0,1,fake,1,1.0,1,1.0,1,1,1,0.480686,0.115988,0.01,4.267625,0.993543,4.937044,-0.77461,4.898171,True,sample_0016_fake_25170_suno_0.json,VGG,Attack_2,VGG | Attack_2,C:\Users\domin\Downloads\pgd_vggish,0.010513,,,,,,,,0.689223,0.245392,1,0.0,0.0,0.5,0.5,0.0,1.0,0,0,0,0.480686,0.115988,0.519314,0.884012,0.701663,0,1,1,0,0.9336071428571427,0.993543,0.984261,0.8063475,0.9796342,0.9394785685714284,0,1,1,0,0,1,0,0.701663,0.6591973508595342,0.6591973508595342,0
16,real_06665,0,real,0,9.7e-05,0,0.000194,1,1,0,0.513076,0.109141,0.01,2.792684,0.960076,4.019347,-3.360512,3.718696,True,sample_0016_real_06665.json,VGG,Attack_2,VGG | Attack_2,C:\Users\domin\Downloads\pgd_vggish,0.180866,,,,,,,,0.439538,0.474976,1,9.7e-05,9.7e-05,0.499903,0.499806,9.700000000001374e-05,0.999612,0,0,0,0.513076,0.109141,0.486924,0.890859,0.6888915,0,1,1,0,0.5121954285714285,0.960076,0.75483675,0.159872,0.7437392,0.6261438757142856,0,1,1,0,0,0,0,0.6888915,0.4313451937566278,0.4311778318214502,0
21,real_01021,0,real,0,0.0,0,0.0,1,1,0,0.510866,0.106743,0.01,3.031398,0.827269,3.041166,-2.868005,2.669713,True,sample_0021_real_01021.json,VGG,Attack_2,VGG | Attack_2,C:\Users\domin\Downloads\pgd_vggish,0.272763,,,,,,,,0.52696,0.261932,1,0.0,0.0,0.5,0.5,0.0,1.0,0,0,0,0.510866,0.106743,0.4891339999999999,0.893257,0.6911955,0,1,1,0,0.5803994285714286,0.827269,0.5102915,0.2829987499999999,0.5339425999999999,0.5469802557142858,0,1,1,0,0,0,0,0.6911955,0.3780702913385635,0.3780702913385635,0
23,fake_31014_suno_0,1,fake,1,1.0,1,1.0,1,1,1,0.485166,0.080378,0.01,4.381921,0.99718,4.937339,-0.6592,4.902504,True,sample_0023_fake_31014_suno_0.json,VGG,Attack_2,VGG | Attack_2,C:\Users\domin\Downloads\pgd_vggish,0.009433,,,,,,,,0.673741,0.909271,1,0.0,0.0,0.5,0.5,0.0,1.0,0,0,0,0.485166,0.080378,0.514834,0.919622,0.717228,0,1,1,0,0.9662631428571428,0.99718,0.98433475,0.8351999999999999,0.9805008,0.9526957385714284,0,1,1,0,0,1,0,0.717228,0.6833000591841085,0.6833000591841085,0
24,fake_05418_udio_0,1,fake,1,1.0,1,1.0,1,1,0,0.5136,0.184961,0.01,3.165079,0.984463,4.049981,-3.921461,3.077464,True,sample_0024_fake_05418_udio_0.json,VGG,Attack_2,VGG | Attack_2,C:\Users\domin\Downloads\pgd_vggish,0.095561,,,,,,,,0.629681,0.252258,1,0.0,0.0,0.5,0.5,0.0,1.0,0,0,0,0.5136,0.184961,0.4864,0.8150390000000001,0.6507195000000001,0,1,1,0,0.618594,0.984463,0.76249525,0.01963475,0.6154928,0.60013596,0,1,1,0,0,1,0,0.6507195000000001,0.3905201718232201,0.3905201718232201,0
1,fake_50028_suno_1,1,fake,1,1.0,1,1.0,1,1,1,,,0.01,3.194281,0.995737,4.098831,-2.168487,3.194078,True,sample_0001_fake_50028_suno_1.json,VGG,Attack_3,VGG | Attack_3,C:\Users\domin\Downloads\xshift_vggish,0.073447,0.474694,0.662724,0.218566,0.10199,0.18841,shift,0.05,0.140354,0.000808,1,0.0,0.0,0.5,0.5,0.0,1.0,0,0,0,,,,,,0,0,0,0,0.6269374285714286,0.995737,0.7747077499999999,0.45787825,0.6388156,0.6988152057142857,0,0,0,0,0,1,0,,,,0
2,real_03067,0,real,0,1e-06,0,6.7e-05,1,1,0,,,0.01,4.33323,0.999909,4.952394,-0.473412,4.758306,True,sample_0002_real_03067.json,VGG,Attack_3,VGG | Attack_3,C:\Users\domin\Downloads\xshift_vggish,0.028321,0.447892,0.639174,0.195151,0.086065,0.252098,shift,0.05,0.057618,0.003906,1,6.6e-05,6.6e-05,0.499999,0.499933,6.60000000000105e-05,0.999866,0,0,0,,,,,,0,0,0,0,0.9523514285714286,0.999909,0.9880985,0.881647,0.9516612,0.9547334257142858,0,0,0,0,0,1,0,,,,0
3,fake_16796_suno_1,1,fake,1,1.0,1,1.0,1,1,1,,,0.01,4.571181,0.999753,4.99671,-0.13724,4.996946,True,sample_0003_fake_16796_suno_1.json,VGG,Attack_3,VGG | Attack_3,C:\Users\domin\Downloads\xshift_vggish,0.001679,0.587784,0.860715,0.377885,0.061976,0.089464,shift,0.05,0.051228,0.006958,1,0.0,0.0,0.5,0.5,0.0,1.0,0,0,0,,,,,,0,0,0,0,1.0,0.999753,0.9991775,0.96569,0.9993892,0.99280194,0,0,0,0,0,1,0,,,,0
3,fake_35261_suno_1,1,fake,1,1.0,1,1.0,1,1,1,,,0.01,4.146717,0.998145,4.844986,-0.981081,4.674454,True,sample_0003_fake_35261_suno_1.json,VGG,Attack_3,VGG | Attack_3,C:\Users\domin\Downloads\xshift_vggish,0.019959,0.558722,0.704479,0.21673,0.112041,0.205432,shift,0.05,0.110445,0.002419,1,0.0,0.0,0.5,0.5,0.0,1.0,0,0,0,,,,,,0,0,0,0,0.8990619999999999,0.998145,0.9612465,0.75472975,0.9348908,0.90961481,0,0,0,0,0,1,0,,,,0
4,fake_27504_udio_1,1,fake,1,1.0,1,1.0,1,1,1,,,0.01,4.577337,0.999817,4.997903,-0.122204,4.989362,True,sample_0004_fake_27504_udio_1.json,VGG,Attack_3,VGG | Attack_3,C:\Users\domin\Downloads\xshift_vggish,0.001376,0.533997,0.785419,0.320814,0.079649,0.103674,shift,0.05,0.045986,0.003845,1,0.0,0.0,0.5,0.5,0.0,1.0,0,0,0,,,,,,0,0,0,0,1.0,0.999817,0.99947575,0.969449,0.9978724,0.99332283,0,0,0,0,0,1,0,,,,0
6,real_19284,0,real,0,0.0,0,0.0,1,1,0,,,0.01,4.249387,0.991889,4.779365,-0.609832,4.487724,True,sample_0006_real_19284.json,VGG,Attack_3,VGG | Attack_3,C:\Users\domin\Downloads\xshift_vggish,0.009361,0.509555,0.66305,0.174144,0.112014,0.196997,shift,0.05,0.217684,0.006513,1,0.0,0.0,0.5,0.5,0.0,1.0,0,0,0,,,,,,0,0,0,0,0.9283962857142856,0.991889,0.94484125,0.847542,0.8975448,0.9220426671428572,0,0,0,0,0,1,0,,,,0
7,real_06994,0,real,0,0.141159,0,0.096787,1,1,0,,,0.01,2.158617,0.997478,3.600801,-3.40433,3.633455,True,sample_0007_real_06994.json,VGG,Attack_3,VGG | Attack_3,C:\Users\domin\Downloads\xshift_vggish,0.431986,0.442026,0.69425,0.266578,0.119389,0.198719,shift,0.05,0.07595,0.00046,1,-0.044372,0.044372,0.3588409999999999,0.403213,-0.044372,0.806426,0,0,0,,,,,,0,0,0,0,0.3310334285714286,0.997478,0.65020025,0.1489175,0.726691,0.5708640357142857,0,0,0,0,0,0,0,,,,0
8,fake_29238_suno_1,1,fake,1,1.0,1,1.0,1,1,1,,,0.01,4.41029,0.987357,4.797282,-1.136296,4.557601,True,sample_0008_fake_29238_suno_1.json,VGG,Attack_3,VGG | Attack_3,C:\Users\domin\Downloads\xshift_vggish,0.019776,0.583145,0.774209,0.303299,0.176209,0.161404,shift,0.05,0.176551,0.001973,1,0.0,0.0,0.5,0.5,0.0,1.0,0,0,0,,,,,,0,0,0,0,0.9743685714285714,0.987357,0.9493205,0.7159260000000001,0.9115202,0.9076984542857144,0,0,0,0,0,1,0,,,,0
9,real_13937,0,real,0,0.00101,1,0.99907,1,0,0,,,0.01,4.214407,0.999847,4.968184,-1.534859,4.127378,True,sample_0009_real_13937.json,VGG,Attack_3,VGG | Attack_3,C:\Users\domin\Downloads\xshift_vggish,0.040021,0.447972,0.681435,0.249373,0.056749,0.271065,shift,0.05,0.070132,0.014648,0,0.99806,0.99806,0.49899,0.49907,-8.00000000000245e-05,0.99814,0,0,0,,,,,,0,0,0,0,0.9184019999999998,0.999847,0.992046,0.61628525,0.8254756000000001,0.8704111699999999,0,0,0,0,0,1,0,,,,1
10,fake_50637_suno_0,1,fake,1,1.0,1,0.999994,1,1,0,,,0.01,3.991443,0.974205,4.462042,-1.581937,4.175205,True,sample_0010_fake_50637_suno_0.json,VGG,Attack_3,VGG | Attack_3,C:\Users\domin\Downloads\xshift_vggish,0.033361,0.539889,0.675642,0.203231,0.130744,0.272915,shift,0.05,0.143342,0.000973,1,-5.999999999950489e-06,5.999999999950489e-06,0.5,0.499994,5.999999999950489e-06,0.999988,0,0,0,,,,,,0,0,0,0,0.854698,0.974205,0.8655105000000001,0.60451575,0.835041,0.82679405,0,0,0,0,0,1,0,,,,0
11,real_07265,0,real,0,0.043829,0,0.066656,1,1,0,,,0.01,3.876514,0.998172,4.465068,-3.412362,3.27272,True,sample_0011_real_07265.json,VGG,Attack_3,VGG | Attack_3,C:\Users\domin\Downloads\xshift_vggish,0.047125,0.444399,0.697051,0.257003,0.159612,0.197398,shift,0.05,0.070167,0.001324,1,0.022827,0.022827,0.456171,0.433344,0.0228269999999999,0.866688,0,0,0,,,,,,0,0,0,0,0.8218611428571428,0.998172,0.8662669999999999,0.1469095,0.654544,0.6975507285714285,0,0,0,0,0,1,0,,,,0
12,fake_13581_udio_0,1,fake,1,0.954369,1,0.997999,1,1,0,,,0.01,3.241313,0.855949,3.449302,-3.08594,3.240224,True,sample_0012_fake_13581_udio_0.json,VGG,Attack_3,VGG | Attack_3,C:\Users\domin\Downloads\xshift_vggish,0.146212,0.484973,0.590306,0.11612,0.069037,0.279979,shift,0.05,0.233997,0.002631,1,0.0436299999999999,0.0436299999999999,0.454369,0.4979989999999999,-0.0436299999999999,0.995998,0,0,0,,,,,,0,0,0,0,0.6403751428571428,0.855949,0.6123255,0.228515,0.6480448,0.5970418885714286,0,0,0,0,0,1,0,,,,0
14,fake_46574_suno_1,1,fake,1,1.0,1,1.0,1,1,1,,,0.01,4.466982,0.997846,4.935661,-0.710294,4.860909,True,sample_0014_fake_46574_suno_1.json,VGG,Attack_3,VGG | Attack_3,C:\Users\domin\Downloads\xshift_vggish,0.012445,0.477854,0.658091,0.240628,0.090032,0.16668,shift,0.05,0.149073,0.008884,1,0.0,0.0,0.5,0.5,0.0,1.0,0,0,0,,,,,,0,0,0,0,0.9905662857142856,0.997846,0.98391525,0.8224265,0.9721818,0.9533871671428572,0,0,0,0,0,1,0,,,,0
15,fake_09896_suno_1,1,fake,1,1.0,1,1.0,1,1,1,,,0.01,4.57184,0.999768,4.998344,-0.137014,4.995912,True,sample_0015_fake_09896_suno_1.json,VGG,Attack_3,VGG | Attack_3,C:\Users\domin\Downloads\xshift_vggish,0.001145,0.587123,0.826892,0.326432,0.070731,0.061052,shift,0.05,0.05329,0.006104,1,0.0,0.0,0.5,0.5,0.0,1.0,0,0,0,,,,,,0,0,0,0,1.0,0.999768,0.999586,0.9657465,0.9991824,0.99285658,0,0,0,0,0,1,0,,,,0
15,fake_43253_udio_0,1,fake,1,1.0,1,1.0,1,1,0,,,0.01,3.805978,0.999639,3.748085,-3.441365,3.081248,True,sample_0015_fake_43253_udio_0.json,VGG,Attack_3,VGG | Attack_3,C:\Users\domin\Downloads\xshift_vggish,0.162007,0.403013,0.62382,0.203044,0.076579,0.107914,shift,0.05,0.149327,0.002929,1,0.0,0.0,0.5,0.5,0.0,1.0,0,0,0,,,,,,0,0,0,0,0.801708,0.999639,0.68702125,0.13965875,0.6162496,0.64885532,0,0,0,0,0,1,0,,,,0
16,fake_25170_suno_0,1,fake,1,1.0,1,1.0,1,1,0,,,0.01,4.572165,0.999568,4.994817,-0.209854,4.99286,True,sample_0016_fake_25170_suno_0.json,VGG,Attack_3,VGG | Attack_3,C:\Users\domin\Downloads\xshift_vggish,0.002324,0.54484,0.709504,0.269196,0.151725,0.169932,shift,0.05,0.037823,0.000862,1,0.0,0.0,0.5,0.5,0.0,1.0,0,0,0,,,,,,0,0,0,0,1.0,0.999568,0.99870425,0.9475365,0.998572,0.98887615,0,0,0,0,0,1,0,,,,0
16,real_06665,0,real,0,9.7e-05,0,0.008112,1,1,0,,,0.01,3.358144,0.960126,4.094777,-3.142332,3.965687,True,sample_0016_real_06665.json,VGG,Attack_3,VGG | Attack_3,C:\Users\domin\Downloads\xshift_vggish,0.192915,0.445633,0.695837,0.260786,0.078327,0.199834,shift,0.05,0.122872,0.012573,1,0.008015,0.008015,0.499903,0.491888,0.0080149999999999,0.983776,0,0,0,,,,,,0,0,0,0,0.6737554285714286,0.960126,0.7736942499999999,0.2144169999999999,0.7931374,0.6830260157142858,0,0,0,0,0,1,0,,,,0
21,real_01021,0,real,0,0.0,0,0.0,1,1,0,,,0.01,3.593945,0.855579,3.384962,-1.684143,2.383018,True,sample_0021_real_01021.json,VGG,Attack_3,VGG | Attack_3,C:\Users\domin\Downloads\xshift_vggish,0.060085,0.416036,0.636653,0.176337,0.11278,0.241645,shift,0.05,0.101023,0.000713,1,0.0,0.0,0.5,0.5,0.0,1.0,0,0,0,,,,,,0,0,0,0,0.7411271428571429,0.855579,0.5962405,0.5789642500000001,0.4766035999999999,0.6497028985714286,0,0,0,0,0,1,0,,,,0
23,fake_31014_suno_0,1,fake,1,1.0,1,1.0,1,1,1,,,0.01,4.570298,0.999692,4.99334,-0.193807,4.992289,True,sample_0023_fake_31014_suno_0.json,VGG,Attack_3,VGG | Attack_3,C:\Users\domin\Downloads\xshift_vggish,0.00205,0.558882,0.829914,0.362231,0.07765,0.06088,shift,0.05,0.053251,0.002838,1,0.0,0.0,0.5,0.5,0.0,1.0,0,0,0,,,,,,0,0,0,0,1.0,0.999692,0.998335,0.95154825,0.9984578,0.98960661,0,0,0,0,0,1,0,,,,0
24,fake_05418_udio_0,1,fake,1,1.0,1,1.0,1,1,1,,,0.01,3.989132,0.996992,4.300913,-2.276047,3.172199,True,sample_0024_fake_05418_udio_0.json,VGG,Attack_3,VGG | Attack_3,C:\Users\domin\Downloads\xshift_vggish,0.029491,0.432613,0.641536,0.24088,0.150028,0.157807,shift,0.05,0.297901,0.005417,1,0.0,0.0,0.5,0.5,0.0,1.0,0,0,0,,,,,,0,0,0,0,0.8540377142857143,0.996992,0.8252282500000001,0.4309882499999999,0.6344398,0.7483372028571428,0,0,0,0,0,1,0,,,,0
3,fake_35261_suno_1,1,fake,1,0.988214,1,0.995259,1,1,1,0.604671,0.142857,0.01,4.035388,0.994346,4.6803,-1.340573,4.636019,True,sample_0003_fake_35261_suno_1.json,SPECTR,Attack_1,SPECTR | Attack_1,C:\Users\domin\Downloads\data-100-samples-spectttra,,,,,,,,,,,1,0.0070449999999999,0.0070449999999999,0.488214,0.495259,-0.0070449999999999,0.990518,0,0,0,0.604671,0.142857,0.395329,0.857143,0.626236,0,1,1,0,0.8672537142857143,0.994346,0.920075,0.66485675,0.9272038,0.8747470528571428,0,1,1,0,0,1,0,0.626236,0.5477980953930457,0.5426038738525288,0
8,fake_29238_suno_1,1,fake,1,0.968572,1,0.987383,1,1,1,0.733141,0.142857,0.01,4.134939,0.973185,4.578333,-1.577085,4.509734,True,sample_0008_fake_29238_suno_1.json,SPECTR,Attack_1,SPECTR | Attack_1,C:\Users\domin\Downloads\data-100-samples-spectttra,,,,,,,,,,,1,0.018811,0.018811,0.468572,0.487383,-0.018811,0.974766,0,0,0,0.733141,0.142857,0.2668589999999999,0.857143,0.562001,0,1,1,0,0.8956968571428572,0.973185,0.8945832499999999,0.6057287499999999,0.9019468,0.8542281314285715,0,1,1,0,0,1,0,0.562001,0.4800770640909885,0.4679627994557165,0
16,fake_25170_suno_0,1,fake,1,0.982017,1,0.992356,1,1,1,0.557533,0.333333,0.01,4.462429,0.997912,4.962936,-0.531245,4.942531,True,sample_0016_fake_25170_suno_0.json,SPECTR,Attack_1,SPECTR | Attack_1,C:\Users\domin\Downloads\data-100-samples-spectttra,,,,,,,,,,,1,0.0103389999999999,0.0103389999999999,0.482017,0.492356,-0.0103389999999999,0.984712,0,0,0,0.557533,0.333333,0.442467,0.666667,0.554567,0,0,0,0,0.9892654285714286,0.997912,0.990734,0.86718875,0.9885062,0.9667212757142858,0,0,0,0,0,1,0,0.554567,0.5361117177090443,0.5279156417687084,0
23,fake_31014_suno_0,1,fake,0,0.208286,0,0.009693,0,0,1,0.756759,0.6,0.01,4.508097,0.99931,4.978647,-0.434301,4.95225,True,sample_0023_fake_31014_suno_0.json,SPECTR,Attack_1,SPECTR | Attack_1,C:\Users\domin\Downloads\data-100-samples-spectttra,,,,,,,,,,,1,-0.198593,0.198593,0.291714,0.490307,-0.1985929999999999,0.980614,0,0,0,0.756759,0.6,0.243241,0.4,0.3216205,0,0,0,0,1.0,0.99931,0.99466175,0.89142475,0.99045,0.9751693,0,0,0,0,0,1,0,0.3216205,0.31363443785065,0.3075543206384772,0
24,fake_05418_udio_0,1,fake,1,0.976122,1,0.991114,1,1,1,0.919215,0.142857,0.01,3.867508,0.9933,4.180732,-3.794008,3.342559,True,sample_0024_fake_05418_udio_0.json,SPECTR,Attack_1,SPECTR | Attack_1,C:\Users\domin\Downloads\data-100-samples-spectttra,,,,,,,,,,,1,0.014992,0.014992,0.476122,0.491114,-0.014992,0.982228,0,0,0,0.919215,0.142857,0.080785,0.857143,0.468964,0,1,1,0,0.819288,0.9933,0.795183,0.051498,0.6685118,0.66555616,0,1,1,0,0,1,0,0.468964,0.3121218790182399,0.3065748489843278,0
27,real_03067,0,real,0,0.017838,0,0.046476,1,1,1,0.80144,0.0,0.01,4.31214,0.999013,4.931558,-0.960674,4.725145,True,sample_0027_real_03067.json,SPECTR,Attack_1,SPECTR | Attack_1,C:\Users\domin\Downloads\data-100-samples-spectttra,,,,,,,,,,,1,0.028638,0.028638,0.482162,0.453524,0.0286379999999999,0.907048,0,0,0,0.80144,0.0,0.1985599999999999,1.0,0.59928,0,1,1,0,0.9463257142857144,0.999013,0.9828895,0.7598315,0.945029,0.9266177428571428,0,1,1,0,0,1,0,0.59928,0.5553034809394286,0.5036869117791468,0
32,real_06994,0,real,0,0.235216,0,0.009016,1,1,1,0.565529,0.0,0.01,3.515516,0.979647,4.074686,-2.954206,4.061494,True,sample_0032_real_06994.json,SPECTR,Attack_1,SPECTR | Attack_1,C:\Users\domin\Downloads\data-100-samples-spectttra,,,,,,,,,,,1,-0.2262,0.2262,0.264784,0.490984,-0.2261999999999999,0.981968,0,0,0,0.565529,0.0,0.434471,1.0,0.7172355,0,1,1,0,0.7187188571428571,0.979647,0.7686715,0.2614485,0.8122988,0.7081569314285714,0,1,1,0,0,1,0,0.7172355,0.5079152907916371,0.4987565622680823,0
37,fake_13581_udio_0,1,fake,1,0.943562,1,0.982501,1,1,1,0.894488,0.6,0.01,2.769917,0.838007,3.291322,-3.318233,3.051334,True,sample_0037_fake_13581_udio_0.json,SPECTR,Attack_1,SPECTR | Attack_1,C:\Users\domin\Downloads\data-100-samples-spectttra,,,,,,,,,,,1,0.0389389999999999,0.0389389999999999,0.443562,0.4825009999999999,-0.0389389999999999,0.965002,0,0,0,0.894488,0.6,0.105512,0.4,0.252756,0,0,0,0,0.5056905714285714,0.838007,0.5728305,0.1704417499999999,0.6102668,0.5394473242857142,0,0,0,0,0,0,0,0.252756,0.13634854789716,0.1315766214178551,0
39,fake_46574_suno_1,1,fake,1,0.973303,1,0.98088,1,1,1,0.577224,0.6,0.01,4.328985,0.998378,4.893513,-0.681341,4.597801,True,sample_0039_fake_46574_suno_1.json,SPECTR,Attack_1,SPECTR | Attack_1,C:\Users\domin\Downloads\data-100-samples-spectttra,,,,,,,,,,,1,0.0075769999999999,0.0075769999999999,0.473303,0.48088,-0.0075769999999999,0.96176,0,0,0,0.577224,0.6,0.422776,0.4,0.411388,0,0,0,0,0.9511385714285716,0.998378,0.97337825,0.8296647500000001,0.9195602,0.9344239542857145,0,0,0,0,0,1,0,0.411388,0.3844108017056915,0.3697109326484659,0
46,real_01021,0,real,0,0.146942,0,0.018437,1,1,1,0.686603,0.142857,0.01,3.756786,0.850584,3.403805,-1.656567,2.966515,True,sample_0046_real_01021.json,SPECTR,Attack_1,SPECTR | Attack_1,C:\Users\domin\Downloads\data-100-samples-spectttra,,,,,,,,,,,1,-0.1285049999999999,0.1285049999999999,0.353058,0.481563,-0.128505,0.963126,0,0,0,0.686603,0.142857,0.313397,0.857143,0.58527,0,1,1,0,0.7876531428571428,0.850584,0.60095125,0.58585825,0.5933029999999999,0.6836699285714285,0,1,1,0,0,1,0,0.58527,0.4001314990949999,0.3853770501973709,0
53,fake_16796_suno_1,1,fake,1,0.914715,1,0.992379,1,1,1,0.862414,0.142857,0.01,4.511108,0.999558,4.989573,-0.264224,4.976755,True,sample_0053_fake_16796_suno_1.json,SPECTR,Attack_1,SPECTR | Attack_1,C:\Users\domin\Downloads\data-100-samples-spectttra,,,,,,,,,,,1,0.077664,0.077664,0.4147149999999999,0.492379,-0.077664,0.984758,0,0,0,0.862414,0.142857,0.1375859999999999,0.857143,0.4973645,0,1,1,0,1.0,0.999558,0.99739325,0.933944,0.995351,0.98524925,0,1,1,0,0,1,0,0.4973645,0.490028000601625,0.482558993816455,0
56,real_19284,0,real,0,0.355279,0,0.132302,1,1,1,0.743601,0.0,0.01,3.995867,0.948056,4.262611,-3.978665,4.464925,True,sample_0056_real_19284.json,SPECTR,Attack_1,SPECTR | Attack_1,C:\Users\domin\Downloads\data-100-samples-spectttra,,,,,,,,,,,1,-0.222977,0.222977,0.144721,0.3676979999999999,-0.2229769999999999,0.7353959999999999,0,0,0,0.743601,0.0,0.256399,1.0,0.6281995,0,1,1,0,0.855962,0.948056,0.8156527499999999,0.00533375,0.892985,0.7035979,0,1,1,0,0,1,0,0.6281995,0.44199984898105,0.3250449209412682,0
59,real_13937,0,real,0,0.015592,0,0.013831,1,1,1,0.745169,0.333333,0.01,4.352695,0.998999,4.953115,-1.390386,4.570596,True,sample_0059_real_13937.json,SPECTR,Attack_1,SPECTR | Attack_1,C:\Users\domin\Downloads\data-100-samples-spectttra,,,,,,,,,,,1,-0.001761,0.001761,0.484408,0.486169,-0.001761,0.972338,0,0,0,0.745169,0.333333,0.254831,0.666667,0.460749,0,0,0,0,0.9579128571428572,0.998999,0.98827875,0.6524035,0.9141192,0.9023426614285714,0,0,0,0,0,1,0,0.460749,0.4157534789105528,0.4042529061769291,0
60,fake_50637_suno_0,1,fake,1,0.986509,1,0.987364,1,1,1,0.673405,0.333333,0.01,3.787417,0.946812,4.262372,-1.819104,3.87579,True,sample_0060_fake_50637_suno_0.json,SPECTR,Attack_1,SPECTR | Attack_1,C:\Users\domin\Downloads\data-100-samples-spectttra,,,,,,,,,,,1,0.000855,0.000855,0.4865089999999999,0.487364,-0.000855,0.974728,0,0,0,0.673405,0.333333,0.3265949999999999,0.666667,0.496631,0,0,0,0,0.7964048571428571,0.946812,0.815593,0.5452239999999999,0.775158,0.7758383714285715,0,0,0,0,0,1,0,0.496631,0.3853053862409428,0.3755679485198617,0
61,real_07265,0,real,0,0.070582,0,0.012137,1,1,1,0.776568,0.142857,0.01,3.920653,0.987157,4.279245,-3.976087,3.55178,True,sample_0061_real_07265.json,SPECTR,Attack_1,SPECTR | Attack_1,C:\Users\domin\Downloads\data-100-samples-spectttra,,,,,,,,,,,1,-0.058445,0.058445,0.4294179999999999,0.487863,-0.058445,0.975726,0,0,0,0.776568,0.142857,0.2234319999999999,0.857143,0.5402875,0,1,1,0,0.8344722857142858,0.987157,0.8198112500000001,0.0059782499999999,0.710356,0.6715549571428572,0,1,1,0,0,1,0,0.5402875,0.3628327489073215,0.3540253467603451,0
65,fake_09896_suno_1,1,fake,0,0.010297,0,0.016286,0,0,1,0.890432,0.0,0.01,,0.997093,4.976869,-0.501956,4.961872,True,sample_0065_fake_09896_suno_1.json,SPECTR,Attack_1,SPECTR | Attack_1,C:\Users\domin\Downloads\data-100-samples-spectttra,,,,,,,,,,,1,0.0059889999999999,0.0059889999999999,0.489703,0.483714,0.005989,0.967428,0,0,0,0.890432,0.0,0.109568,1.0,0.5547839999999999,0,1,1,0,,0.997093,0.99421725,0.874511,0.9923744,0.9645489125,0,1,1,0,0,0,0,0.5547839999999999,0.5351163038724,0.5176864956226681,0
66,real_06665,0,real,0,0.376892,0,0.255004,1,1,1,0.705942,0.0,0.01,4.415519,0.995472,4.860167,-2.110274,4.794625,True,sample_0066_real_06665.json,SPECTR,Attack_1,SPECTR | Attack_1,C:\Users\domin\Downloads\data-100-samples-spectttra,,,,,,,,,,,1,-0.121888,0.121888,0.123108,0.244996,-0.121888,0.489992,0,0,0,0.705942,0.0,0.294058,1.0,0.6470290000000001,0,1,1,0,0.9758625714285714,0.995472,0.96504175,0.4724315,0.958925,0.8735465642857141,0,1,1,0,0,1,0,0.6470290000000001,0.5652099599432213,0.2769483586924989,0
76,fake_50028_suno_1,1,fake,1,0.748664,1,0.9888,1,1,1,0.714996,0.0,0.01,3.145548,0.989402,3.968683,-2.261088,3.484331,True,sample_0076_fake_50028_suno_1.json,SPECTR,Attack_1,SPECTR | Attack_1,C:\Users\domin\Downloads\data-100-samples-spectttra,,,,,,,,,,,1,0.240136,0.240136,0.248664,0.4888,-0.240136,0.9776,0,0,0,0.714996,0.0,0.285004,1.0,0.642502,0,1,1,0,0.6130137142857143,0.989402,0.74217075,0.434728,0.6968662,0.6952361328571428,0,1,1,0,0,1,0,0.642502,0.44669060583298,0.4366847362623212,0
79,fake_27504_udio_1,1,fake,1,0.905263,1,0.978622,1,1,1,0.928495,0.333333,0.01,4.304782,0.999372,4.985885,-0.359611,4.873796,True,sample_0079_fake_27504_udio_1.json,SPECTR,Attack_1,SPECTR | Attack_1,C:\Users\domin\Downloads\data-100-samples-spectttra,,,,,,,,,,,1,0.0733589999999999,0.0733589999999999,0.405263,0.478622,-0.0733589999999999,0.957244,0,0,0,0.928495,0.333333,0.071505,0.666667,0.369086,0,0,0,0,0.9442234285714288,0.999372,0.99647125,0.91009725,0.9747592,0.9649846257142858,0,0,0,0,0,1,0,0.369086,0.3561623155663829,0.3409342396020266,0
90,fake_43253_udio_0,1,fake,1,0.95284,1,0.989928,1,1,1,0.871611,0.333333,0.01,3.675594,0.998355,3.63142,-3.626872,3.519623,True,sample_0090_fake_43253_udio_0.json,SPECTR,Attack_1,SPECTR | Attack_1,C:\Users\domin\Downloads\data-100-samples-spectttra,,,,,,,,,,,1,0.037088,0.037088,0.45284,0.489928,-0.037088,0.979856,0,0,0,0.871611,0.333333,0.1283889999999999,0.666667,0.397528,0,0,0,0,0.7644554285714286,0.998355,0.657855,0.0932819999999999,0.7039246,0.6435744057142857,0,0,0,0,0,1,0,0.397528,0.2558388463547885,0.2506852286338177,0
3,fake_35261_suno_1,1,fake,1,0.988214,1,0.993844,1,1,1,0.211988,0.070365,0.01,3.847681,0.993092,4.571986,-1.677408,4.206426,True,sample_0003_fake_35261_suno_1.json,SPECTR,Attack_2,SPECTR | Attack_2,C:\Users\domin\Downloads\pgd_sonics,0.036501,,,,,,,,0.547106,0.095535,1,0.0056299999999999,0.0056299999999999,0.488214,0.4938439999999999,-0.0056299999999999,0.987688,0,0,0,0.211988,0.070365,0.7880119999999999,0.929635,0.8588235,1,1,1,1,0.8136231428571429,0.993092,0.8929965,0.580648,0.8412852000000001,0.8243289685714286,1,1,1,1,1,1,1,0.8588235,0.7079530899399042,0.699236771496564,0
8,fake_29238_suno_1,1,fake,1,0.968572,1,0.978348,1,1,1,0.233464,0.052987,0.01,3.843984,0.949912,4.37518,-2.005311,4.086267,True,sample_0008_fake_29238_suno_1.json,SPECTR,Attack_2,SPECTR | Attack_2,C:\Users\domin\Downloads\pgd_sonics,0.044547,,,,,,,,0.450905,0.121185,1,0.009776,0.009776,0.468572,0.478348,-0.009776,0.956696,0,0,0,0.233464,0.052987,0.766536,0.947013,0.8567745,1,1,1,1,0.8125668571428571,0.949912,0.8437950000000001,0.49867225,0.8172534,0.7844399014285715,1,1,1,1,1,1,1,0.8567745,0.6720881043265136,0.6429840010567582,0
16,fake_25170_suno_0,1,fake,1,0.982017,1,0.978451,1,1,1,0.191866,0.099813,0.01,4.403136,0.995241,4.936494,-0.694194,4.920228,True,sample_0016_fake_25170_suno_0.json,SPECTR,Attack_2,SPECTR | Attack_2,C:\Users\domin\Downloads\pgd_sonics,0.006027,,,,,,,,0.529291,0.12241,1,-0.003566,0.003566,0.482017,0.4784509999999999,0.003566,0.956902,0,0,0,0.191866,0.099813,0.808134,0.900187,0.8541605,1,1,1,1,0.9723245714285714,0.995241,0.9841235,0.8264515,0.9840456,0.9524372342857144,1,1,1,1,1,1,1,0.8541605,0.8135342642561029,0.7784725645351933,0
23,fake_31014_suno_0,1,fake,0,0.208286,0,0.156768,0,0,1,0.341399,0.106391,0.01,4.523481,0.99858,4.958357,-0.595949,4.953753,True,sample_0023_fake_31014_suno_0.json,SPECTR,Attack_2,SPECTR | Attack_2,C:\Users\domin\Downloads\pgd_sonics,0.007509,,,,,,,,0.499841,0.306763,1,-0.051518,0.051518,0.291714,0.343232,-0.0515179999999999,0.686464,0,0,0,0.341399,0.106391,0.658601,0.893609,0.776105,1,1,1,1,1.0,0.99858,0.98958925,0.85101275,0.9907506,0.96598652,1,1,1,1,1,1,1,0.776105,0.7497069681046001,0.5146468441529563,0
24,fake_05418_udio_0,1,fake,1,0.976122,1,0.984867,1,1,1,0.165971,0.037344,0.01,3.015637,0.978273,3.972016,-3.917818,2.862455,True,sample_0024_fake_05418_udio_0.json,SPECTR,Attack_2,SPECTR | Attack_2,C:\Users\domin\Downloads\pgd_sonics,0.099325,,,,,,,,0.612529,0.252602,1,0.008745,0.008745,0.476122,0.484867,-0.008745,0.969734,0,0,0,0.165971,0.037344,0.834029,0.962656,0.8983425,1,1,1,1,0.5758962857142856,0.978273,0.743004,0.0205454999999999,0.5724910000000001,0.578041957142857,1,1,1,1,1,1,1,0.8983425,0.5192796568846071,0.5035631387893377,0
27,real_03067,0,real,0,0.017838,0,0.019216,1,1,1,0.195105,0.156121,0.01,3.962082,0.998914,4.871814,-1.153358,4.4679,True,sample_0027_real_03067.json,SPECTR,Attack_2,SPECTR | Attack_2,C:\Users\domin\Downloads\pgd_sonics,0.019321,,,,,,,,0.420049,0.324951,1,0.001378,0.001378,0.482162,0.480784,0.0013779999999999,0.961568,0,0,0,0.195105,0.156121,0.804895,0.843879,0.824387,1,1,1,1,0.8463091428571429,0.998914,0.9679535,0.7116605,0.89358,0.8836834285714286,1,1,1,1,1,1,1,0.824387,0.7284971306297142,0.700499528905353,0
32,real_06994,0,real,0,0.235216,0,0.144099,1,1,0,0.500667,0.087348,0.01,1.508744,0.970168,2.815306,-3.730189,3.110462,True,sample_0032_real_06994.json,SPECTR,Attack_2,SPECTR | Attack_2,C:\Users\domin\Downloads\pgd_sonics,0.379256,,,,,,,,0.381637,0.241699,1,-0.091117,0.091117,0.264784,0.355901,-0.091117,0.711802,0,0,0,0.500667,0.087348,0.499333,0.912652,0.7059925,0,1,1,0,0.1453554285714286,0.970168,0.4538265,0.0674527499999999,0.6220924,0.4517790157142857,0,1,1,0,0,0,0,0.7059925,0.3189525967516678,0.2270310962730307,0
37,fake_13581_udio_0,1,fake,1,0.943562,1,0.938876,1,1,1,0.229211,0.04223,0.01,2.466343,0.791828,3.016719,-3.489274,3.044827,True,sample_0037_fake_13581_udio_0.json,SPECTR,Attack_2,SPECTR | Attack_2,C:\Users\domin\Downloads\pgd_sonics,0.246421,,,,,,,,0.767704,0.103413,1,-0.0046859999999999,0.0046859999999999,0.443562,0.438876,0.0046859999999999,0.8777520000000001,0,0,0,0.229211,0.04223,0.770789,0.95777,0.8642795,1,1,1,1,0.4189551428571429,0.791828,0.50417975,0.1276815,0.6089654,0.4903219585714286,1,1,1,1,1,0,0,0.8642795,0.423775217193135,0.3719695444417086,0
39,fake_46574_suno_1,1,fake,1,0.973303,1,0.983697,1,1,1,0.201983,0.059457,0.01,4.239919,0.993567,4.803136,-1.195087,4.655236,True,sample_0039_fake_46574_suno_1.json,SPECTR,Attack_2,SPECTR | Attack_2,C:\Users\domin\Downloads\pgd_sonics,0.018123,,,,,,,,0.520212,0.112621,1,0.010394,0.010394,0.473303,0.483697,-0.010394,0.967394,0,0,0,0.201983,0.059457,0.798017,0.940543,0.86928,1,1,1,1,0.9256911428571428,0.993567,0.950784,0.70122825,0.9310472,0.9004635185714285,1,1,1,1,1,1,1,0.86928,0.7827549274237714,0.757232420260192,0
46,real_01021,0,real,0,0.146942,0,0.190295,1,1,0,0.381244,0.100276,0.01,2.846106,0.781374,2.963903,-2.883634,2.534148,True,sample_0046_real_01021.json,SPECTR,Attack_2,SPECTR | Attack_2,C:\Users\domin\Downloads\pgd_sonics,0.290398,,,,,,,,0.490067,0.228912,1,0.043353,0.043353,0.353058,0.309705,0.0433529999999999,0.61941,0,0,0,0.381244,0.100276,0.618756,0.899724,0.7592399999999999,1,1,1,1,0.5274588571428571,0.781374,0.49097575,0.2790915,0.5068296,0.5171459414285715,1,1,1,1,1,0,0,0.7592399999999999,0.3926378845702286,0.2432038320816452,0
53,fake_16796_suno_1,1,fake,1,0.914715,1,0.91471,1,1,0,0.495873,0.147426,0.01,4.512664,0.998892,4.973269,-0.375317,4.97713,True,sample_0053_fake_16796_suno_1.json,SPECTR,Attack_2,SPECTR | Attack_2,C:\Users\domin\Downloads\pgd_sonics,0.003671,,,,,,,,0.499337,0.627563,1,-4.999999999921734e-06,4.999999999921734e-06,0.4147149999999999,0.41471,4.999999999921734e-06,0.82942,0,0,0,0.495873,0.147426,0.504127,0.8525739999999999,0.6783505,0,1,1,0,1.0,0.998892,0.99331725,0.90617075,0.995426,0.9787612,0,1,1,0,0,1,0,0.6783505,0.6639431494006001,0.5506877269758458,0
56,real_19284,0,real,0,0.355279,0,0.279093,1,1,0,0.284931,0.081924,0.01,2.086118,0.945216,3.254858,-3.994264,3.576604,True,sample_0056_real_19284.json,SPECTR,Attack_2,SPECTR | Attack_2,C:\Users\domin\Downloads\pgd_sonics,0.118277,,,,,,,,0.529761,0.215416,1,-0.076186,0.076186,0.144721,0.220907,-0.076186,0.441814,0,0,0,0.284931,0.081924,0.715069,0.918076,0.8165724999999999,1,1,1,1,0.3103194285714285,0.945216,0.5637145,0.001434,0.7153208,0.5072009457142856,1,1,1,1,1,0,0,0.8165724999999999,0.4141663442442784,0.1829844892159416,0
59,real_13937,0,real,0,0.015592,0,0.017143,1,1,1,0.219262,0.102787,0.01,4.148707,0.998824,4.938775,-2.328784,4.584336,True,sample_0059_real_13937.json,SPECTR,Attack_2,SPECTR | Attack_2,C:\Users\domin\Downloads\pgd_sonics,0.027122,,,,,,,,0.246184,0.158142,1,0.0015509999999999,0.0015509999999999,0.484408,0.482857,0.001551,0.965714,0,0,0,0.219262,0.102787,0.7807379999999999,0.897213,0.8389755,1,1,1,1,0.8996305714285714,0.998824,0.98469375,0.4178039999999999,0.9168672,0.8435639042857142,1,1,1,1,1,1,1,0.8389755,0.7077294483800591,0.6834642365129004,0
60,fake_50637_suno_0,1,fake,1,0.986509,1,0.990629,1,1,1,0.167515,0.105577,0.01,3.334587,0.886361,3.790757,-2.675271,3.61918,True,sample_0060_fake_50637_suno_0.json,SPECTR,Attack_2,SPECTR | Attack_2,C:\Users\domin\Downloads\pgd_sonics,0.122866,,,,,,,,0.644709,0.103575,1,0.00412,0.00412,0.4865089999999999,0.490629,-0.00412,0.981258,0,0,0,0.167515,0.105577,0.832485,0.894423,0.8634539999999999,1,1,1,1,0.6670248571428571,0.886361,0.69768925,0.33118225,0.723836,0.6612186714285715,1,1,1,1,1,1,1,0.8634539999999999,0.5709319067196857,0.5602315009239454,0
61,real_07265,0,real,0,0.070582,0,0.057718,1,1,0,0.507058,0.070386,0.01,2.582545,0.982212,3.938679,-3.991733,2.948037,True,sample_0061_real_07265.json,SPECTR,Attack_2,SPECTR | Attack_2,C:\Users\domin\Downloads\pgd_sonics,0.103711,,,,,,,,0.37321,0.341125,1,-0.012864,0.012864,0.4294179999999999,0.442282,-0.012864,0.884564,0,0,0,0.507058,0.070386,0.492942,0.929614,0.711278,0,1,1,0,0.4521557142857143,0.982212,0.73466975,0.00206675,0.5896074,0.5521423228571429,0,1,1,0,0,0,0,0.711278,0.3927266871171829,0.3473918892631237,0
65,fake_09896_suno_1,1,fake,0,0.010297,0,0.011479,0,0,1,0.162686,0.051222,0.01,4.500512,0.996811,4.981392,-0.505079,4.963645,True,sample_0065_fake_09896_suno_1.json,SPECTR,Attack_2,SPECTR | Attack_2,C:\Users\domin\Downloads\pgd_sonics,0.004085,,,,,,,,0.480284,0.345245,1,0.0011819999999999,0.0011819999999999,0.489703,0.488521,0.001182,0.977042,0,0,0,0.162686,0.051222,0.837314,0.948778,0.893046,1,1,1,1,1.0,0.996811,0.995348,0.87373025,0.992729,0.97172365,1,1,1,1,1,1,1,0.893046,0.8677939187379,0.8478711059515153,0
66,real_06665,0,real,0,0.376892,0,0.406184,1,1,1,0.386905,0.152404,0.01,2.651145,0.957024,4.009792,-3.384255,3.721676,True,sample_0066_real_06665.json,SPECTR,Attack_2,SPECTR | Attack_2,C:\Users\domin\Downloads\pgd_sonics,0.155918,,,,,,,,0.344198,0.26532,1,0.0292919999999999,0.0292919999999999,0.123108,0.093816,0.0292919999999999,0.187632,0,1,1,0.386905,0.152404,0.613095,0.847596,0.7303455,1,1,1,1,0.4717557142857143,0.957024,0.752448,0.15393625,0.7443352,0.6158998328571429,1,1,1,1,1,0,0,0.7303455,0.4498196713779664,0.0844005645799906,0
76,fake_50028_suno_1,1,fake,1,0.748664,1,0.968051,1,1,0,0.162714,0.053869,0.01,1.924319,0.974753,3.415157,-3.090685,2.654558,True,sample_0076_fake_50028_suno_1.json,SPECTR,Attack_2,SPECTR | Attack_2,C:\Users\domin\Downloads\pgd_sonics,0.136716,,,,,,,,0.552631,0.076405,1,0.219387,0.219387,0.248664,0.468051,-0.219387,0.936102,0,0,0,0.162714,0.053869,0.837286,0.946131,0.8917085,1,1,1,1,0.2640911428571428,0.974753,0.60378925,0.2273287499999999,0.5309116,0.5201747485714285,1,1,1,1,1,0,0,0.8917085,0.4638442447865057,0.4342055252331375,0
79,fake_27504_udio_1,1,fake,1,0.905263,1,0.880187,1,1,1,0.228081,0.084699,0.01,4.058185,0.998053,4.954074,-0.682277,4.727583,True,sample_0079_fake_27504_udio_1.json,SPECTR,Attack_2,SPECTR | Attack_2,C:\Users\domin\Downloads\pgd_sonics,0.016397,,,,,,,,0.470639,0.846436,1,-0.0250759999999999,0.0250759999999999,0.405263,0.380187,0.0250759999999999,0.7603740000000001,0,0,0,0.228081,0.084699,0.771919,0.915301,0.84361,1,1,1,1,0.8737671428571429,0.998053,0.9885185,0.82943075,0.9455166,0.9270571985714288,1,1,1,1,1,1,1,0.84361,0.782074723286843,0.59466928564451,0
90,fake_43253_udio_0,1,fake,1,0.95284,1,0.943348,1,1,1,0.211195,0.059571,0.01,2.429594,0.993461,3.366878,-3.716774,3.228684,True,sample_0090_fake_43253_udio_0.json,SPECTR,Attack_2,SPECTR | Attack_2,C:\Users\domin\Downloads\pgd_sonics,0.1593,,,,,,,,0.571137,0.340576,1,-0.009492,0.009492,0.45284,0.4433479999999999,0.009492,0.8866959999999999,0,0,0,0.211195,0.059571,0.788805,0.940429,0.864617,1,1,1,1,0.4084554285714285,0.993461,0.5917195,0.0708065,0.6457368,0.5420358457142858,1,1,1,1,1,0,0,0.864617,0.4686534068139485,0.4155531012083009,0
1,fake_50028_suno_1,1,fake,1,0.748664,1,0.881599,1,1,1,,,0.01,3.470359,0.997368,4.342267,-1.784195,3.52399,True,sample_0001_fake_50028_suno_1.json,SPECTR,Attack_3,SPECTR | Attack_3,C:\Users\domin\Downloads\xshift_sonics,0.07296,0.394636,0.491251,0.229587,0.155049,0.13075,shift,0.05,0.065707,0.000178,1,0.132935,0.132935,0.248664,0.381599,-0.132935,0.763198,0,0,0,,,,,,0,0,0,0,0.7058168571428572,0.997368,0.8355667499999999,0.55395125,0.704798,0.7595001714285715,0,0,0,0,0,1,0,,,,0
2,real_03067,0,real,0,0.017838,0,0.017213,1,1,0,,,0.01,4.395339,0.999936,4.989008,-0.276541,4.842037,True,sample_0002_real_03067.json,SPECTR,Attack_3,SPECTR | Attack_3,C:\Users\domin\Downloads\xshift_sonics,0.022274,0.488075,0.732696,0.485422,0.293862,0.084263,shift,0.05,0.05095,0.003326,1,-0.000625,0.000625,0.482162,0.482787,-0.000625,0.965574,0,0,0,,,,,,0,0,0,0,0.9700968571428572,0.999936,0.997252,0.93086475,0.9684074,0.9733114014285714,0,0,0,0,0,1,0,,,,0
3,fake_16796_suno_1,1,fake,1,0.914715,1,0.979009,1,1,0,,,0.01,4.565361,0.999908,4.998809,-0.089408,4.998698,True,sample_0003_fake_16796_suno_1.json,SPECTR,Attack_3,SPECTR | Attack_3,C:\Users\domin\Downloads\xshift_sonics,0.00169,0.353171,0.496912,0.212012,0.065366,0.119102,shift,0.05,0.075075,0.013916,1,0.064294,0.064294,0.4147149999999999,0.479009,-0.064294,0.958018,0,0,0,,,,,,0,0,0,0,1.0,0.999908,0.99970225,0.977648,0.9997396,0.99539957,0,0,0,0,0,1,0,,,,0
3,fake_35261_suno_1,1,fake,1,0.988214,1,0.987526,1,1,1,,,0.01,4.224185,0.999471,4.957816,-0.599388,4.860004,True,sample_0003_fake_35261_suno_1.json,SPECTR,Attack_3,SPECTR | Attack_3,C:\Users\domin\Downloads\xshift_sonics,0.006672,0.493839,0.56648,0.202179,0.130143,0.222853,shift,0.05,0.115856,0.002647,1,-0.000688,0.000688,0.488214,0.487526,0.000688,0.975052,0,0,0,,,,,,0,0,0,0,0.9211957142857145,0.999471,0.989454,0.8501529999999999,0.9720008,0.9464549028571428,0,0,0,0,0,1,0,,,,0
4,fake_27504_udio_1,1,fake,1,0.905263,1,0.955528,1,1,1,,,0.01,4.321545,0.999867,4.997823,-0.16291,4.903893,True,sample_0004_fake_27504_udio_1.json,SPECTR,Attack_3,SPECTR | Attack_3,C:\Users\domin\Downloads\xshift_sonics,0.023567,0.404792,0.398811,0.099959,0.080724,0.206384,shift,0.05,0.08216,0.010498,1,0.050265,0.050265,0.405263,0.455528,-0.050265,0.911056,0,0,0,,,,,,0,0,0,0,0.9490128571428572,0.999867,0.99945575,0.9592725,0.9807786,0.9776773414285712,0,0,0,0,0,1,0,,,,0
6,real_19284,0,real,0,0.355279,0,0.321729,1,1,0,,,0.01,3.499885,0.995381,4.645935,-3.986579,4.069891,True,sample_0006_real_19284.json,SPECTR,Attack_3,SPECTR | Attack_3,C:\Users\domin\Downloads\xshift_sonics,0.095949,0.473066,0.651627,0.305906,0.233942,0.089868,shift,0.05,0.102812,0.00147,1,-0.03355,0.03355,0.144721,0.178271,-0.03355,0.356542,0,0,0,,,,,,0,0,0,0,0.7142528571428571,0.995381,0.91148375,0.00335525,0.8139782,0.6876902114285715,0,0,0,0,0,1,0,,,,0
7,real_06994,0,real,0,0.235216,0,0.45289,1,1,0,,,0.01,3.180594,0.996563,4.487889,-1.880665,3.304544,True,sample_0007_real_06994.json,SPECTR,Attack_3,SPECTR | Attack_3,C:\Users\domin\Downloads\xshift_sonics,0.175154,0.382113,0.773722,0.372684,0.117935,0.100517,shift,0.05,0.101663,0.000819,1,0.217674,0.217674,0.264784,0.0471099999999999,0.217674,0.0942199999999999,1,1,1,,,,,,0,0,0,0,0.6230268571428572,0.996563,0.87197225,0.52983375,0.6609088,0.7364609314285715,0,0,0,0,0,1,0,,,,0
8,fake_29238_suno_1,1,fake,1,0.968572,1,0.972929,1,1,0,,,0.01,4.51662,0.99829,4.950669,-0.503112,4.899868,True,sample_0008_fake_29238_suno_1.json,SPECTR,Attack_3,SPECTR | Attack_3,C:\Users\domin\Downloads\xshift_sonics,0.002508,0.414118,0.472105,0.19761,0.158383,0.15777,shift,0.05,0.054796,0.000182,1,0.004357,0.004357,0.468572,0.472929,-0.004357,0.945858,0,0,0,,,,,,0,0,0,0,1.0,0.99829,0.98766725,0.874222,0.9799736,0.96803057,0,0,0,0,0,1,0,,,,0
9,real_13937,0,real,0,0.015592,0,0.016828,1,1,1,,,0.01,4.383345,0.99983,4.968109,-0.290432,4.178628,True,sample_0009_real_13937.json,SPECTR,Attack_3,SPECTR | Attack_3,C:\Users\domin\Downloads\xshift_sonics,0.017055,0.473415,0.783296,0.44664,0.112059,0.079495,shift,0.05,0.14357,0.059814,1,0.0012359999999999,0.0012359999999999,0.484408,0.483172,0.001236,0.966344,0,0,0,,,,,,0,0,0,0,0.96667,0.99983,0.99202725,0.927392,0.8357256,0.94432897,0,0,0,0,0,1,0,,,,0
10,fake_50637_suno_0,1,fake,1,0.986509,1,0.985624,1,1,0,,,0.01,4.131433,0.990988,4.779606,-1.104483,4.38699,True,sample_0010_fake_50637_suno_0.json,SPECTR,Attack_3,SPECTR | Attack_3,C:\Users\domin\Downloads\xshift_sonics,0.028719,0.535381,0.562881,0.270202,0.27064,0.126446,shift,0.05,0.076698,0.000279,1,-0.000885,0.000885,0.4865089999999999,0.4856239999999999,0.000885,0.971248,0,0,0,,,,,,0,0,0,0,0.8946951428571429,0.990988,0.9449015,0.72387925,0.877398,0.8863723785714285,0,0,0,0,0,1,0,,,,0
11,real_07265,0,real,0,0.070582,0,0.074874,1,1,0,,,0.01,3.997608,0.99833,4.49488,-1.099172,3.44989,True,sample_0011_real_07265.json,SPECTR,Attack_3,SPECTR | Attack_3,C:\Users\domin\Downloads\xshift_sonics,0.029066,0.428949,0.8095,0.388192,0.207804,0.062667,shift,0.05,0.076275,0.001568,1,0.0042919999999999,0.0042919999999999,0.4294179999999999,0.425126,0.0042919999999999,0.850252,0,0,0,,,,,,0,0,0,0,0.8564594285714285,0.99833,0.87372,0.7252069999999999,0.689978,0.8287388857142858,0,0,0,0,0,1,0,,,,0
12,fake_13581_udio_0,1,fake,1,0.943562,1,0.961393,1,1,0,,,0.01,3.744141,0.907012,3.887054,-2.67718,3.396148,True,sample_0012_fake_13581_udio_0.json,SPECTR,Attack_3,SPECTR | Attack_3,C:\Users\domin\Downloads\xshift_sonics,0.0848,0.51394,0.565517,0.193377,0.160813,0.097137,shift,0.05,0.078527,0.0003,1,0.017831,0.017831,0.443562,0.461393,-0.017831,0.922786,0,0,0,,,,,,0,0,0,0,0.7840402857142857,0.907012,0.7217635,0.330705,0.6792296,0.6845500771428572,0,0,0,0,0,1,0,,,,0
14,fake_46574_suno_1,1,fake,1,0.973303,1,0.929235,1,1,1,,,0.01,4.484061,0.999313,4.971838,-0.429889,4.933243,True,sample_0014_fake_46574_suno_1.json,SPECTR,Attack_3,SPECTR | Attack_3,C:\Users\domin\Downloads\xshift_sonics,0.010656,0.446059,0.563506,0.316964,0.154235,0.089535,shift,0.05,0.189361,0.012562,1,-0.0440679999999999,0.0440679999999999,0.473303,0.429235,0.0440679999999999,0.8584700000000001,0,0,0,,,,,,0,0,0,0,0.995446,0.999313,0.9929595,0.89252775,0.9866486,0.97337897,0,0,0,0,0,1,0,,,,0
15,fake_09896_suno_1,1,fake,0,0.010297,0,0.010089,0,0,1,,,0.01,4.58391,0.999861,4.998809,-0.095769,4.997943,True,sample_0015_fake_09896_suno_1.json,SPECTR,Attack_3,SPECTR | Attack_3,C:\Users\domin\Downloads\xshift_sonics,0.00202,0.488205,0.54711,0.162057,0.10566,0.156895,shift,0.05,0.095686,0.018616,1,-0.0002079999999999,0.0002079999999999,0.489703,0.489911,-0.0002079999999999,0.979822,0,0,0,,,,,,0,0,0,0,1.0,0.999861,0.99970225,0.97605775,0.9995886,0.99504192,0,0,0,0,0,1,0,,,,0
15,fake_43253_udio_0,1,fake,1,0.95284,1,0.957509,1,1,1,,,0.01,3.621796,0.999644,4.652939,-2.153999,3.036604,True,sample_0015_fake_43253_udio_0.json,SPECTR,Attack_3,SPECTR | Attack_3,C:\Users\domin\Downloads\xshift_sonics,0.149835,0.452,0.552977,0.148942,0.083062,0.148635,shift,0.05,0.082058,0.000941,1,0.004669,0.004669,0.45284,0.457509,-0.004669,0.915018,0,0,0,,,,,,0,0,0,0,0.7490845714285713,0.999644,0.91323475,0.4615002499999999,0.6073208,0.7461568742857143,0,0,0,0,0,1,0,,,,0
16,fake_25170_suno_0,1,fake,1,0.982017,1,0.988647,1,1,1,,,0.01,4.528185,0.999503,4.994299,-0.235962,4.988512,True,sample_0016_fake_25170_suno_0.json,SPECTR,Attack_3,SPECTR | Attack_3,C:\Users\domin\Downloads\xshift_sonics,0.001875,0.52555,0.554253,0.274688,0.217426,0.16779,shift,0.05,0.171135,0.017159,1,0.00663,0.00663,0.482017,0.488647,-0.00663,0.977294,0,0,0,,,,,,0,0,0,0,1.0,0.999503,0.99857475,0.9410095,0.9977024,0.98735793,0,0,0,0,0,1,0,,,,0
16,real_06665,0,real,0,0.376892,0,0.339403,1,1,1,,,0.01,3.633986,0.968724,4.129047,-3.052034,4.00575,True,sample_0016_real_06665.json,SPECTR,Attack_3,SPECTR | Attack_3,C:\Users\domin\Downloads\xshift_sonics,0.191483,0.450054,0.837371,0.503265,0.111955,0.063625,shift,0.05,0.0742,0.004501,1,-0.0374889999999999,0.0374889999999999,0.123108,0.160597,-0.0374889999999999,0.321194,0,0,0,,,,,,0,0,0,0,0.7525674285714287,0.968724,0.78226175,0.2369915,0.80115,0.7083389357142857,0,0,0,0,0,1,0,,,,0
21,real_01021,0,real,0,0.146942,0,0.179962,1,1,1,,,0.01,3.443458,0.8219,3.360719,-1.851683,2.844848,True,sample_0021_real_01021.json,SPECTR,Attack_3,SPECTR | Attack_3,C:\Users\domin\Downloads\xshift_sonics,0.073585,0.367015,0.695492,0.251877,0.184398,0.126728,shift,0.05,0.11722,0.000963,1,0.03302,0.03302,0.353058,0.320038,0.0330199999999999,0.640076,0,0,0,,,,,,0,0,0,0,0.6981308571428572,0.8219,0.59017975,0.53707925,0.5689696,0.6432518914285714,0,0,0,0,0,0,0,,,,0
23,fake_31014_suno_0,1,fake,0,0.208286,0,0.186961,0,0,0,,,0.01,4.574315,0.999905,4.998351,-0.151468,4.997262,True,sample_0023_fake_31014_suno_0.json,SPECTR,Attack_3,SPECTR | Attack_3,C:\Users\domin\Downloads\xshift_sonics,0.001303,0.425282,0.455183,0.173187,0.09298,0.067239,shift,0.05,0.080551,0.00621,1,-0.021325,0.021325,0.291714,0.313039,-0.0213249999999999,0.626078,0,0,0,,,,,,0,0,0,0,1.0,0.999905,0.99958775,0.962133,0.9994524,0.99221563,0,0,0,0,0,1,0,,,,0
24,fake_05418_udio_0,1,fake,1,0.976122,1,0.988019,1,1,1,,,0.01,3.855295,0.998434,4.569531,-3.836629,3.449435,True,sample_0024_fake_05418_udio_0.json,SPECTR,Attack_3,SPECTR | Attack_3,C:\Users\domin\Downloads\xshift_sonics,0.050751,0.516702,0.571386,0.202301,0.133608,0.11116,shift,0.05,0.081411,0.000422,1,0.0118969999999999,0.0118969999999999,0.476122,0.488019,-0.0118969999999999,0.976038,0,0,0,,,,,,0,0,0,0,0.8157985714285714,0.998434,0.8923827499999999,0.04084275,0.6898869999999999,0.6874690142857143,0,0,0,0,0,1,0,,,,0
